scenario,pair_index,pair_type,subject_a,topology_a,sample_name_a,subject_b,topology_b,sample_name_b,gt_distance,latent_distance,raw_chamfer,rigid_registered_chamfer,cpd_registered_chamfer
clean,0,same_subject,id0051,crop,id0051_GTready_crop,id0051,down8k,id0051_GTready_down8k,0.0,0.22554489970207214,0.005324310157448053,0.003925414755940437,nan
clean,1,same_subject,id0051,crop,id0051_GTready_crop,id0051,noisy,id0051_GTready_noisy,0.0,0.22422580420970917,0.0015238705091178417,0.0008079426479525864,nan
clean,2,same_subject,id0051,crop,id0051_GTready_crop,id0051,original,id0051_GTready_original,0.0,0.2344529628753662,0.0016430210089311004,0.0012469489593058825,nan
clean,3,same_subject,id0051,crop,id0051_GTready_crop,id0051,remesh,id0051_GTready_remesh,0.0,0.2128399908542633,0.0031402679160237312,0.0031907225493341684,nan
clean,4,same_subject,id0051,crop,id0051_GTready_crop,id0051,up60k,id0051_GTready_up60k,0.0,0.21879804134368896,0.0030842781998217106,0.002156707225367427,nan
clean,5,same_subject,id0051,down8k,id0051_GTready_down8k,id0051,noisy,id0051_GTready_noisy,0.0,0.16583414375782013,0.0018478126730769873,0.00151633913628757,nan
clean,6,same_subject,id0051,down8k,id0051_GTready_down8k,id0051,original,id0051_GTready_original,0.0,0.15370725095272064,0.0025774375535547733,0.0021102637983858585,nan
clean,7,same_subject,id0051,down8k,id0051_GTready_down8k,id0051,remesh,id0051_GTready_remesh,0.0,0.1694221794605255,0.0016901695635169744,0.0012172427959740162,nan
clean,8,same_subject,id0051,down8k,id0051_GTready_down8k,id0051,up60k,id0051_GTready_up60k,0.0,0.0724308043718338,0.0007424443028867245,0.0008716642623767257,nan
clean,9,same_subject,id0051,noisy,id0051_GTready_noisy,id0051,original,id0051_GTready_original,0.0,0.10148876160383224,0.00018883156008087099,0.000239582805079408,nan
clean,10,same_subject,id0051,noisy,id0051_GTready_noisy,id0051,remesh,id0051_GTready_remesh,0.0,0.21122688055038452,0.0015484660398215055,0.0005149879725649953,nan
clean,11,same_subject,id0051,noisy,id0051_GTready_noisy,id0051,up60k,id0051_GTready_up60k,0.0,0.15092773735523224,0.0007269465131685138,0.00022561447985935956,nan
clean,12,same_subject,id0051,original,id0051_GTready_original,id0051,remesh,id0051_GTready_remesh,0.0,0.23393110930919647,0.002105835359543562,0.0003659419890027493,nan
clean,13,same_subject,id0051,original,id0051_GTready_original,id0051,up60k,id0051_GTready_up60k,0.0,0.14691372215747833,0.001035151886753738,0.0006569381221197546,nan
clean,14,same_subject,id0051,remesh,id0051_GTready_remesh,id0051,up60k,id0051_GTready_up60k,0.0,0.1367715299129486,0.0006086209905333817,0.00015698398055974394,nan
clean,15,same_subject,id0059,crop,id0059_GTready_crop,id0059,down8k,id0059_GTready_down8k,0.0,0.24915271997451782,0.013019757345318794,0.010690657421946526,nan
clean,16,same_subject,id0059,crop,id0059_GTready_crop,id0059,noisy,id0059_GTready_noisy,0.0,0.23549552261829376,0.0070272572338581085,0.006412949878722429,nan
clean,17,same_subject,id0059,crop,id0059_GTready_crop,id0059,original,id0059_GTready_original,0.0,0.23214136064052582,0.007160580717027187,0.007395034655928612,nan
clean,18,same_subject,id0059,crop,id0059_GTready_crop,id0059,remesh,id0059_GTready_remesh,0.0,0.2840231955051422,0.007160307839512825,0.005720953457057476,nan
clean,19,same_subject,id0059,crop,id0059_GTready_crop,id0059,up60k,id0059_GTready_up60k,0.0,0.26264017820358276,0.010359857231378555,0.006733146496117115,nan
clean,20,same_subject,id0059,down8k,id0059_GTready_down8k,id0059,noisy,id0059_GTready_noisy,0.0,0.11812525987625122,0.0009179033804684877,0.0006890512886457145,nan
clean,21,same_subject,id0059,down8k,id0059_GTready_down8k,id0059,original,id0059_GTready_original,0.0,0.108181893825531,0.0013607311993837357,0.00037121400237083435,nan
clean,22,same_subject,id0059,down8k,id0059_GTready_down8k,id0059,remesh,id0059_GTready_remesh,0.0,0.13618320226669312,0.0020694327540695667,0.0016790232621133327,nan
clean,23,same_subject,id0059,down8k,id0059_GTready_down8k,id0059,up60k,id0059_GTready_up60k,0.0,0.06268125027418137,0.0004132144385948777,0.00033086922485381365,nan
clean,24,same_subject,id0059,noisy,id0059_GTready_noisy,id0059,original,id0059_GTready_original,0.0,0.04844721406698227,0.0001647073368076235,0.0002118809788953513,nan
clean,25,same_subject,id0059,noisy,id0059_GTready_noisy,id0059,remesh,id0059_GTready_remesh,0.0,0.14240247011184692,0.0008145385654643178,0.0005659304442815483,nan
clean,26,same_subject,id0059,noisy,id0059_GTready_noisy,id0059,up60k,id0059_GTready_up60k,0.0,0.11464755237102509,0.0004311066586524248,0.0002113872324116528,nan
clean,27,same_subject,id0059,original,id0059_GTready_original,id0059,remesh,id0059_GTready_remesh,0.0,0.14622703194618225,0.0009016439435072243,0.0010449137771502137,nan
clean,28,same_subject,id0059,original,id0059_GTready_original,id0059,up60k,id0059_GTready_up60k,0.0,0.11029546707868576,0.0006338176317512989,0.00033031622297130525,nan
clean,29,same_subject,id0059,remesh,id0059_GTready_remesh,id0059,up60k,id0059_GTready_up60k,0.0,0.09237562119960785,0.0008103114669211209,0.0008384989341720939,nan
clean,30,same_subject,id0068,crop,id0068_GTready_crop,id0068,down8k,id0068_GTready_down8k,0.0,0.2785932421684265,0.015973135828971863,0.01118451077491045,nan
clean,31,same_subject,id0068,crop,id0068_GTready_crop,id0068,noisy,id0068_GTready_noisy,0.0,0.2803821563720703,0.009402167052030563,0.012944702059030533,nan
clean,32,same_subject,id0068,crop,id0068_GTready_crop,id0068,original,id0068_GTready_original,0.0,0.27003297209739685,0.009785947389900684,0.008177978917956352,nan
clean,33,same_subject,id0068,crop,id0068_GTready_crop,id0068,remesh,id0068_GTready_remesh,0.0,0.32571834325790405,0.00986473262310028,0.011678421869874,nan
clean,34,same_subject,id0068,crop,id0068_GTready_crop,id0068,up60k,id0068_GTready_up60k,0.0,0.2923569083213806,0.013162137940526009,0.04166761040687561,nan
clean,35,same_subject,id0068,down8k,id0068_GTready_down8k,id0068,noisy,id0068_GTready_noisy,0.0,0.12487450987100601,0.0007857744349166751,0.0006873792153783143,nan
clean,36,same_subject,id0068,down8k,id0068_GTready_down8k,id0068,original,id0068_GTready_original,0.0,0.11480553448200226,0.0011382254306226969,0.0004447239334695041,nan
clean,37,same_subject,id0068,down8k,id0068_GTready_down8k,id0068,remesh,id0068_GTready_remesh,0.0,0.13375291228294373,0.0020613379310816526,0.0016816180432215333,nan
clean,38,same_subject,id0068,down8k,id0068_GTready_down8k,id0068,up60k,id0068_GTready_up60k,0.0,0.05909059941768646,0.0004118518263567239,0.000248112715780735,nan
clean,39,same_subject,id0068,noisy,id0068_GTready_noisy,id0068,original,id0068_GTready_original,0.0,0.0560593344271183,0.0001690840581431985,0.0002316738828085363,nan
clean,40,same_subject,id0068,noisy,id0068_GTready_noisy,id0068,remesh,id0068_GTready_remesh,0.0,0.14173579216003418,0.000939259072765708,0.0007655730587430298,nan
clean,41,same_subject,id0068,noisy,id0068_GTready_noisy,id0068,up60k,id0068_GTready_up60k,0.0,0.11653514951467514,0.00042627641232684255,0.00018257040937896818,nan
clean,42,same_subject,id0068,original,id0068_GTready_original,id0068,remesh,id0068_GTready_remesh,0.0,0.146819069981575,0.0010328125208616257,0.000782680232077837,nan
clean,43,same_subject,id0068,original,id0068_GTready_original,id0068,up60k,id0068_GTready_up60k,0.0,0.11375692486763,0.0005740683991461992,0.0001125856870203279,nan
clean,44,same_subject,id0068,remesh,id0068_GTready_remesh,id0068,up60k,id0068_GTready_up60k,0.0,0.08675570040941238,0.0008073721546679735,0.0006280478555709124,nan
clean,45,same_subject,id0084,crop,id0084_GTready_crop,id0084,down8k,id0084_GTready_down8k,0.0,0.20057597756385803,0.012469876557588577,0.008429079316556454,nan
clean,46,same_subject,id0084,crop,id0084_GTready_crop,id0084,noisy,id0084_GTready_noisy,0.0,0.22793471813201904,0.007674411870539188,0.005798643454909325,nan
clean,47,same_subject,id0084,crop,id0084_GTready_crop,id0084,original,id0084_GTready_original,0.0,0.1939312219619751,0.008105691522359848,0.011571453884243965,nan
clean,48,same_subject,id0084,crop,id0084_GTready_crop,id0084,remesh,id0084_GTready_remesh,0.0,0.18936549127101898,0.007302425801753998,0.009837405756115913,nan
clean,49,same_subject,id0084,crop,id0084_GTready_crop,id0084,up60k,id0084_GTready_up60k,0.0,0.19733646512031555,0.01034675631672144,0.008013473823666573,nan
clean,50,same_subject,id0084,down8k,id0084_GTready_down8k,id0084,noisy,id0084_GTready_noisy,0.0,0.17368675768375397,0.000558441155590117,0.00031174413743428886,nan
clean,51,same_subject,id0084,down8k,id0084_GTready_down8k,id0084,original,id0084_GTready_original,0.0,0.12224210053682327,0.0007616603979840875,0.0003906519850715995,nan
clean,52,same_subject,id0084,down8k,id0084_GTready_down8k,id0084,remesh,id0084_GTready_remesh,0.0,0.13512438535690308,0.001708376919850707,0.0017681859899312258,nan
clean,53,same_subject,id0084,down8k,id0084_GTready_down8k,id0084,up60k,id0084_GTready_up60k,0.0,0.060798149555921555,0.0003277055802755058,0.0002992514637298882,nan
clean,54,same_subject,id0084,noisy,id0084_GTready_noisy,id0084,original,id0084_GTready_original,0.0,0.10061326622962952,0.00014939204265829176,0.00017133663641288877,nan
clean,55,same_subject,id0084,noisy,id0084_GTready_noisy,id0084,remesh,id0084_GTready_remesh,0.0,0.14779116213321686,0.0007627393351867795,0.0008795433677732944,nan
clean,56,same_subject,id0084,noisy,id0084_GTready_noisy,id0084,up60k,id0084_GTready_up60k,0.0,0.15141873061656952,0.00030563611653633416,0.0004107287968508899,nan
clean,57,same_subject,id0084,original,id0084_GTready_original,id0084,remesh,id0084_GTready_remesh,0.0,0.12250670045614243,0.0007866928353905678,0.000838505569845438,nan
clean,58,same_subject,id0084,original,id0084_GTready_original,id0084,up60k,id0084_GTready_up60k,0.0,0.10569179058074951,0.0003699019434861839,0.00015096651623025537,nan
clean,59,same_subject,id0084,remesh,id0084_GTready_remesh,id0084,up60k,id0084_GTready_up60k,0.0,0.0948803499341011,0.0007270275382325053,0.000736493500880897,nan
clean,60,same_subject,id0129,crop,id0129_GTready_crop,id0129,down8k,id0129_GTready_down8k,0.0,0.3099325895309448,0.011419110000133514,0.010759251192212105,nan
clean,61,same_subject,id0129,crop,id0129_GTready_crop,id0129,noisy,id0129_GTready_noisy,0.0,0.24494805932044983,0.0052965376526117325,0.004842563532292843,nan
clean,62,same_subject,id0129,crop,id0129_GTready_crop,id0129,original,id0129_GTready_original,0.0,0.2540966868400574,0.005218133330345154,0.005520723760128021,nan
clean,63,same_subject,id0129,crop,id0129_GTready_crop,id0129,remesh,id0129_GTready_remesh,0.0,0.3254859447479248,0.005991646088659763,0.004333170130848885,nan
clean,64,same_subject,id0129,crop,id0129_GTready_crop,id0129,up60k,id0129_GTready_up60k,0.0,0.31957072019577026,0.008670385926961899,0.0069349100813269615,nan
clean,65,same_subject,id0129,down8k,id0129_GTready_down8k,id0129,noisy,id0129_GTready_noisy,0.0,0.1498691886663437,0.001205447013489902,0.0007472260622307658,nan
clean,66,same_subject,id0129,down8k,id0129_GTready_down8k,id0129,original,id0129_GTready_original,0.0,0.15205241739749908,0.0018550141248852015,0.000614453514572233,nan
clean,67,same_subject,id0129,down8k,id0129_GTready_down8k,id0129,remesh,id0129_GTready_remesh,0.0,0.12187498807907104,0.0018958214204758406,0.0023774204310029745,nan
clean,68,same_subject,id0129,down8k,id0129_GTready_down8k,id0129,up60k,id0129_GTready_up60k,0.0,0.06576838344335556,0.000438159448094666,0.0003997799940407276,nan
clean,69,same_subject,id0129,noisy,id0129_GTready_noisy,id0129,original,id0129_GTready_original,0.0,0.07062824815511703,0.00017384448437951505,0.00029132404597476125,nan
clean,70,same_subject,id0129,noisy,id0129_GTready_noisy,id0129,remesh,id0129_GTready_remesh,0.0,0.1688910275697708,0.0007035922026261687,0.0005114789237268269,nan
clean,71,same_subject,id0129,noisy,id0129_GTready_noisy,id0129,up60k,id0129_GTready_up60k,0.0,0.14721541106700897,0.0005306944949552417,0.00022914251894690096,nan
clean,72,same_subject,id0129,original,id0129_GTready_original,id0129,remesh,id0129_GTready_remesh,0.0,0.16644780337810516,0.0008120035054162145,0.0004006071831099689,nan
clean,73,same_subject,id0129,original,id0129_GTready_original,id0129,up60k,id0129_GTready_up60k,0.0,0.14505277574062347,0.0008492914494127035,0.0003254705807194114,nan
clean,74,same_subject,id0129,remesh,id0129_GTready_remesh,id0129,up60k,id0129_GTready_up60k,0.0,0.0810064822435379,0.0006623417139053345,0.000608959177043289,nan
clean,75,same_subject,id0158,crop,id0158_GTready_crop,id0158,down8k,id0158_GTready_down8k,0.0,0.21674922108650208,0.011368119157850742,0.00826543103903532,nan
clean,76,same_subject,id0158,crop,id0158_GTready_crop,id0158,noisy,id0158_GTready_noisy,0.0,0.21372544765472412,0.005132980644702911,0.0036177635192871094,nan
clean,77,same_subject,id0158,crop,id0158_GTready_crop,id0158,original,id0158_GTready_original,0.0,0.20752978324890137,0.005668404512107372,0.0038380841724574566,nan
clean,78,same_subject,id0158,crop,id0158_GTready_crop,id0158,remesh,id0158_GTready_remesh,0.0,0.21792788803577423,0.006504842080175877,0.005849491339176893,nan
clean,79,same_subject,id0158,crop,id0158_GTready_crop,id0158,up60k,id0158_GTready_up60k,0.0,0.21336805820465088,0.008886207826435566,0.004684938583523035,nan
clean,80,same_subject,id0158,down8k,id0158_GTready_down8k,id0158,noisy,id0158_GTready_noisy,0.0,0.1306191235780716,0.001180377439595759,0.0005158755229786038,nan
clean,81,same_subject,id0158,down8k,id0158_GTready_down8k,id0158,original,id0158_GTready_original,0.0,0.12821589410305023,0.0015040845610201359,0.0006072379183024168,nan
clean,82,same_subject,id0158,down8k,id0158_GTready_down8k,id0158,remesh,id0158_GTready_remesh,0.0,0.10549307614564896,0.001807766268029809,0.001466898713260889,nan
clean,83,same_subject,id0158,down8k,id0158_GTready_down8k,id0158,up60k,id0158_GTready_up60k,0.0,0.055932044982910156,0.0004184205608908087,0.0003975612635258585,nan
clean,84,same_subject,id0158,noisy,id0158_GTready_noisy,id0158,original,id0158_GTready_original,0.0,0.04664566367864609,0.00015915828407742083,0.00017968378961086273,nan
clean,85,same_subject,id0158,noisy,id0158_GTready_noisy,id0158,remesh,id0158_GTready_remesh,0.0,0.1445404589176178,0.0008603960741311312,0.0007718460401520133,nan
clean,86,same_subject,id0158,noisy,id0158_GTready_noisy,id0158,up60k,id0158_GTready_up60k,0.0,0.13243567943572998,0.0006209235871210694,0.0002448818413540721,nan
clean,87,same_subject,id0158,original,id0158_GTready_original,id0158,remesh,id0158_GTready_remesh,0.0,0.14511869847774506,0.000985829159617424,0.000432532571721822,nan
clean,88,same_subject,id0158,original,id0158_GTready_original,id0158,up60k,id0158_GTready_up60k,0.0,0.1323942244052887,0.0007629005704075098,0.0001919951755553484,nan
clean,89,same_subject,id0158,remesh,id0158_GTready_remesh,id0158,up60k,id0158_GTready_up60k,0.0,0.06547683477401733,0.0006382858264259994,0.000907176872715354,nan
clean,90,same_subject,id0187,crop,id0187_GTready_crop,id0187,down8k,id0187_GTready_down8k,0.0,0.25579068064689636,0.008948449045419693,0.012450647540390491,nan
clean,91,same_subject,id0187,crop,id0187_GTready_crop,id0187,noisy,id0187_GTready_noisy,0.0,0.22837793827056885,0.004420757293701172,0.003529320005327463,nan
clean,92,same_subject,id0187,crop,id0187_GTready_crop,id0187,original,id0187_GTready_original,0.0,0.20037393271923065,0.004686080850660801,0.0038502479437738657,nan
clean,93,same_subject,id0187,crop,id0187_GTready_crop,id0187,remesh,id0187_GTready_remesh,0.0,0.27328789234161377,0.004963004030287266,0.003286300227046013,nan
clean,94,same_subject,id0187,crop,id0187_GTready_crop,id0187,up60k,id0187_GTready_up60k,0.0,0.24168963730335236,0.006793506443500519,0.003723897971212864,nan
clean,95,same_subject,id0187,down8k,id0187_GTready_down8k,id0187,noisy,id0187_GTready_noisy,0.0,0.19963732361793518,0.000792693579569459,0.00030173457344062626,nan
clean,96,same_subject,id0187,down8k,id0187_GTready_down8k,id0187,original,id0187_GTready_original,0.0,0.1616174578666687,0.0010786565253511071,0.0007585724233649671,nan
clean,97,same_subject,id0187,down8k,id0187_GTready_down8k,id0187,remesh,id0187_GTready_remesh,0.0,0.13848845660686493,0.0019282704452052712,0.0013155994238331914,nan
clean,98,same_subject,id0187,down8k,id0187_GTready_down8k,id0187,up60k,id0187_GTready_up60k,0.0,0.06499866396188736,0.0004481179057620466,0.0003320196701679379,nan
clean,99,same_subject,id0187,noisy,id0187_GTready_noisy,id0187,original,id0187_GTready_original,0.0,0.10378414392471313,0.00014342776557896286,0.0002935713273473084,nan
clean,100,same_subject,id0187,noisy,id0187_GTready_noisy,id0187,remesh,id0187_GTready_remesh,0.0,0.24194063246250153,0.0006923605687916279,0.0005799408536404371,nan
clean,101,same_subject,id0187,noisy,id0187_GTready_noisy,id0187,up60k,id0187_GTready_up60k,0.0,0.19097495079040527,0.000337708683218807,0.00028028362430632114,nan
clean,102,same_subject,id0187,original,id0187_GTready_original,id0187,remesh,id0187_GTready_remesh,0.0,0.20991793274879456,0.0007292955415323377,0.0004984384286217391,nan
clean,103,same_subject,id0187,original,id0187_GTready_original,id0187,up60k,id0187_GTready_up60k,0.0,0.1525145024061203,0.00041457489714957774,0.00012840576528105885,nan
clean,104,same_subject,id0187,remesh,id0187_GTready_remesh,id0187,up60k,id0187_GTready_up60k,0.0,0.0959654375910759,0.0006682462990283966,0.0006141381454654038,nan
clean,105,same_subject,id0267,crop,id0267_GTready_crop,id0267,down8k,id0267_GTready_down8k,0.0,0.26071569323539734,0.013846423476934433,0.016172684729099274,nan
clean,106,same_subject,id0267,crop,id0267_GTready_crop,id0267,noisy,id0267_GTready_noisy,0.0,0.25203579664230347,0.008043136447668076,0.0072859786450862885,nan
clean,107,same_subject,id0267,crop,id0267_GTready_crop,id0267,original,id0267_GTready_original,0.0,0.24877582490444183,0.008475123904645443,0.006944508757442236,nan
clean,108,same_subject,id0267,crop,id0267_GTready_crop,id0267,remesh,id0267_GTready_remesh,0.0,0.30838626623153687,0.009448212571442127,0.01511088665574789,nan
clean,109,same_subject,id0267,crop,id0267_GTready_crop,id0267,up60k,id0267_GTready_up60k,0.0,0.2773553729057312,0.011895805597305298,0.00801803544163704,nan
clean,110,same_subject,id0267,down8k,id0267_GTready_down8k,id0267,noisy,id0267_GTready_noisy,0.0,0.1291736215353012,0.0007141034584492445,0.0006482070893980563,nan
clean,111,same_subject,id0267,down8k,id0267_GTready_down8k,id0267,original,id0267_GTready_original,0.0,0.1165742352604866,0.001000967575237155,0.0005560880526900291,nan
clean,112,same_subject,id0267,down8k,id0267_GTready_down8k,id0267,remesh,id0267_GTready_remesh,0.0,0.13915948569774628,0.001680587651208043,0.0013046028325334191,nan
clean,113,same_subject,id0267,down8k,id0267_GTready_down8k,id0267,up60k,id0267_GTready_up60k,0.0,0.07130391150712967,0.0003319967945571989,0.0003996601444669068,nan
clean,114,same_subject,id0267,noisy,id0267_GTready_noisy,id0267,original,id0267_GTready_original,0.0,0.04771710932254791,0.00015909514331724495,0.00017394406313542277,nan
clean,115,same_subject,id0267,noisy,id0267_GTready_noisy,id0267,remesh,id0267_GTready_remesh,0.0,0.17636707425117493,0.0009216601029038429,0.0009121709736064076,nan
clean,116,same_subject,id0267,noisy,id0267_GTready_noisy,id0267,up60k,id0267_GTready_up60k,0.0,0.13504353165626526,0.00046245602425187826,0.00021411584748420864,nan
clean,117,same_subject,id0267,original,id0267_GTready_original,id0267,remesh,id0267_GTready_remesh,0.0,0.16919612884521484,0.0010463993530720472,0.0007845009677112103,nan
clean,118,same_subject,id0267,original,id0267_GTready_original,id0267,up60k,id0267_GTready_up60k,0.0,0.1260007619857788,0.0006228405982255936,0.00011630688095465302,nan
clean,119,same_subject,id0267,remesh,id0267_GTready_remesh,id0267,up60k,id0267_GTready_up60k,0.0,0.08800417929887772,0.0006797582609578967,0.0005943418946117163,nan
clean,120,same_subject,id0456,crop,id0456_GTready_crop,id0456,down8k,id0456_GTready_down8k,0.0,0.23620659112930298,0.006801052950322628,0.006546603515744209,nan
clean,121,same_subject,id0456,crop,id0456_GTready_crop,id0456,noisy,id0456_GTready_noisy,0.0,0.2030395120382309,0.0023072047624737024,0.0020284370984882116,nan
clean,122,same_subject,id0456,crop,id0456_GTready_crop,id0456,original,id0456_GTready_original,0.0,0.20521427690982819,0.0021668917033821344,0.0025779488496482372,nan
clean,123,same_subject,id0456,crop,id0456_GTready_crop,id0456,remesh,id0456_GTready_remesh,0.0,0.21000880002975464,0.002160643460229039,0.0009617485338822007,nan
clean,124,same_subject,id0456,crop,id0456_GTready_crop,id0456,up60k,id0456_GTready_up60k,0.0,0.21587082743644714,0.004228036850690842,0.004240103531628847,nan
clean,125,same_subject,id0456,down8k,id0456_GTready_down8k,id0456,noisy,id0456_GTready_noisy,0.0,0.14942462742328644,0.0014015291817486286,0.0005811541341245174,nan
clean,126,same_subject,id0456,down8k,id0456_GTready_down8k,id0456,original,id0456_GTready_original,0.0,0.16178804636001587,0.0021929387003183365,0.0006338919047266245,nan
clean,127,same_subject,id0456,down8k,id0456_GTready_down8k,id0456,remesh,id0456_GTready_remesh,0.0,0.1453532725572586,0.0030560800805687904,0.0024262110237032175,nan
clean,128,same_subject,id0456,down8k,id0456_GTready_down8k,id0456,up60k,id0456_GTready_up60k,0.0,0.07463216036558151,0.0006366706220433116,0.0006126187508925796,nan
clean,129,same_subject,id0456,noisy,id0456_GTready_noisy,id0456,original,id0456_GTready_original,0.0,0.05857419967651367,0.00020196448895148933,0.0002768384001683444,nan
clean,130,same_subject,id0456,noisy,id0456_GTready_noisy,id0456,remesh,id0456_GTready_remesh,0.0,0.15492846071720123,0.0009461252484470606,0.0007623480632901192,nan
clean,131,same_subject,id0456,noisy,id0456_GTready_noisy,id0456,up60k,id0456_GTready_up60k,0.0,0.1309972107410431,0.0005330560961738229,0.00037949308170937,nan
clean,132,same_subject,id0456,original,id0456_GTready_original,id0456,remesh,id0456_GTready_remesh,0.0,0.15830262005329132,0.0009815621888265014,0.0006226964760571718,nan
clean,133,same_subject,id0456,original,id0456_GTready_original,id0456,up60k,id0456_GTready_up60k,0.0,0.14234904944896698,0.0008635275298729539,0.00023516357759945095,nan
clean,134,same_subject,id0456,remesh,id0456_GTready_remesh,id0456,up60k,id0456_GTready_up60k,0.0,0.09499972313642502,0.0011171397054567933,0.0008139117271639407,nan
clean,135,same_subject,id0478,crop,id0478_GTready_crop,id0478,down8k,id0478_GTready_down8k,0.0,0.2763286530971527,0.012639177031815052,0.00929190218448639,nan
clean,136,same_subject,id0478,crop,id0478_GTready_crop,id0478,noisy,id0478_GTready_noisy,0.0,0.2636464536190033,0.004730614833533764,0.003331972286105156,nan
clean,137,same_subject,id0478,crop,id0478_GTready_crop,id0478,original,id0478_GTready_original,0.0,0.2369370013475418,0.005423284135758877,0.0038482043892145157,nan
clean,138,same_subject,id0478,crop,id0478_GTready_crop,id0478,remesh,id0478_GTready_remesh,0.0,0.27717122435569763,0.006503614597022533,0.002802005736157298,nan
clean,139,same_subject,id0478,crop,id0478_GTready_crop,id0478,up60k,id0478_GTready_up60k,0.0,0.2763752043247223,0.009309071116149426,0.006216243375092745,nan
clean,140,same_subject,id0478,down8k,id0478_GTready_down8k,id0478,noisy,id0478_GTready_noisy,0.0,0.18860512971878052,0.0017053000628948212,0.0007064156234264374,nan
clean,141,same_subject,id0478,down8k,id0478_GTready_down8k,id0478,original,id0478_GTready_original,0.0,0.13927190005779266,0.0020421536173671484,0.002230641432106495,nan
clean,142,same_subject,id0478,down8k,id0478_GTready_down8k,id0478,remesh,id0478_GTready_remesh,0.0,0.12482301145792007,0.0021515381522476673,0.002850400051102042,nan
clean,143,same_subject,id0478,down8k,id0478_GTready_down8k,id0478,up60k,id0478_GTready_up60k,0.0,0.068495012819767,0.0005161893786862493,0.00038469923310913146,nan
clean,144,same_subject,id0478,noisy,id0478_GTready_noisy,id0478,original,id0478_GTready_original,0.0,0.12302426993846893,0.00015083368634805083,0.00017529577598907053,nan
clean,145,same_subject,id0478,noisy,id0478_GTready_noisy,id0478,remesh,id0478_GTready_remesh,0.0,0.18073417246341705,0.0006738602533005178,0.00031951337587088346,nan
clean,146,same_subject,id0478,noisy,id0478_GTready_noisy,id0478,up60k,id0478_GTready_up60k,0.0,0.1835130900144577,0.0007275327225215733,0.0003106760559603572,nan
clean,147,same_subject,id0478,original,id0478_GTready_original,id0478,remesh,id0478_GTready_remesh,0.0,0.14647747576236725,0.0007634804933331907,0.0002734865411184728,nan
clean,148,same_subject,id0478,original,id0478_GTready_original,id0478,up60k,id0478_GTready_up60k,0.0,0.13420160114765167,0.0008619797881692648,0.0005088088801130652,nan
clean,149,same_subject,id0478,remesh,id0478_GTready_remesh,id0478,up60k,id0478_GTready_up60k,0.0,0.07497992366552353,0.0007045179372653365,0.0008885570568963885,nan
clean,150,same_subject,id0485,crop,id0485_GTready_crop,id0485,down8k,id0485_GTready_down8k,0.0,0.23458504676818848,0.011868814006447792,0.010587566532194614,nan
clean,151,same_subject,id0485,crop,id0485_GTready_crop,id0485,noisy,id0485_GTready_noisy,0.0,0.26022130250930786,0.006189817562699318,0.007683916948735714,nan
clean,152,same_subject,id0485,crop,id0485_GTready_crop,id0485,original,id0485_GTready_original,0.0,0.23195131123065948,0.006491942331194878,0.004822665825486183,nan
clean,153,same_subject,id0485,crop,id0485_GTready_crop,id0485,remesh,id0485_GTready_remesh,0.0,0.26942774653434753,0.006968933157622814,0.005391663871705532,nan
clean,154,same_subject,id0485,crop,id0485_GTready_crop,id0485,up60k,id0485_GTready_up60k,0.0,0.25039228796958923,0.009506160393357277,0.008242733776569366,nan
clean,155,same_subject,id0485,down8k,id0485_GTready_down8k,id0485,noisy,id0485_GTready_noisy,0.0,0.14277780055999756,0.0009412840008735657,0.0005272271810099483,nan
clean,156,same_subject,id0485,down8k,id0485_GTready_down8k,id0485,original,id0485_GTready_original,0.0,0.10958385467529297,0.0013041314668953419,0.00044251239160075784,nan
clean,157,same_subject,id0485,down8k,id0485_GTready_down8k,id0485,remesh,id0485_GTready_remesh,0.0,0.14392682909965515,0.0017770861741155386,0.0014547737082466483,nan
clean,158,same_subject,id0485,down8k,id0485_GTready_down8k,id0485,up60k,id0485_GTready_up60k,0.0,0.06665808707475662,0.00041069756844080985,0.0004914083401672542,nan
clean,159,same_subject,id0485,noisy,id0485_GTready_noisy,id0485,original,id0485_GTready_original,0.0,0.08025788515806198,0.00015286327106878161,0.000360752223059535,nan
clean,160,same_subject,id0485,noisy,id0485_GTready_noisy,id0485,remesh,id0485_GTready_remesh,0.0,0.17747077345848083,0.0007057409966364503,0.0006580855697393417,nan
clean,161,same_subject,id0485,noisy,id0485_GTready_noisy,id0485,up60k,id0485_GTready_up60k,0.0,0.13891056180000305,0.0004476653703022748,0.0002682471531443298,nan
clean,162,same_subject,id0485,original,id0485_GTready_original,id0485,remesh,id0485_GTready_remesh,0.0,0.15619492530822754,0.0007945592515170574,0.0003912174142897129,nan
clean,163,same_subject,id0485,original,id0485_GTready_original,id0485,up60k,id0485_GTready_up60k,0.0,0.10752519220113754,0.000609097070991993,0.00018397800158709288,nan
clean,164,same_subject,id0485,remesh,id0485_GTready_remesh,id0485,up60k,id0485_GTready_up60k,0.0,0.09561273455619812,0.0006315873470157385,0.0005843155668117106,nan
clean,165,same_subject,id0489,crop,id0489_GTready_crop,id0489,down8k,id0489_GTready_down8k,0.0,0.24250371754169464,0.01501789502799511,0.015299718827009201,nan
clean,166,same_subject,id0489,crop,id0489_GTready_crop,id0489,noisy,id0489_GTready_noisy,0.0,0.2679724395275116,0.009478183463215828,0.011248443275690079,nan
clean,167,same_subject,id0489,crop,id0489_GTready_crop,id0489,original,id0489_GTready_original,0.0,0.23411211371421814,0.008937770500779152,0.006526934448629618,nan
clean,168,same_subject,id0489,crop,id0489_GTready_crop,id0489,remesh,id0489_GTready_remesh,0.0,0.24180597066879272,0.008717348799109459,0.005506899207830429,nan
clean,169,same_subject,id0489,crop,id0489_GTready_crop,id0489,up60k,id0489_GTready_up60k,0.0,0.2497265487909317,0.0124577097594738,0.014572152867913246,nan
clean,170,same_subject,id0489,down8k,id0489_GTready_down8k,id0489,noisy,id0489_GTready_noisy,0.0,0.13506704568862915,0.0006840348360128701,0.0004210445040371269,nan
clean,171,same_subject,id0489,down8k,id0489_GTready_down8k,id0489,original,id0489_GTready_original,0.0,0.11297497898340225,0.0012184164952486753,0.0003471615491434932,nan
clean,172,same_subject,id0489,down8k,id0489_GTready_down8k,id0489,remesh,id0489_GTready_remesh,0.0,0.14873570203781128,0.0021286257542669773,0.001663106493651867,nan
clean,173,same_subject,id0489,down8k,id0489_GTready_down8k,id0489,up60k,id0489_GTready_up60k,0.0,0.06485453248023987,0.0003506650682538748,0.0003490310627967119,nan
clean,174,same_subject,id0489,noisy,id0489_GTready_noisy,id0489,original,id0489_GTready_original,0.0,0.0741790235042572,0.0001960070221684873,0.00061922671739012,nan
clean,175,same_subject,id0489,noisy,id0489_GTready_noisy,id0489,remesh,id0489_GTready_remesh,0.0,0.16217255592346191,0.0009136648732237518,0.001176708028651774,nan
clean,176,same_subject,id0489,noisy,id0489_GTready_noisy,id0489,up60k,id0489_GTready_up60k,0.0,0.1265355795621872,0.0003505056956782937,0.00023698509903624654,nan
clean,177,same_subject,id0489,original,id0489_GTready_original,id0489,remesh,id0489_GTready_remesh,0.0,0.1469917595386505,0.0008832199382595718,0.0009041208541020751,nan
clean,178,same_subject,id0489,original,id0489_GTready_original,id0489,up60k,id0489_GTready_up60k,0.0,0.1140027642250061,0.0006110217655077577,9.554123971611261e-05,nan
clean,179,same_subject,id0489,remesh,id0489_GTready_remesh,id0489,up60k,id0489_GTready_up60k,0.0,0.1042545884847641,0.0009632839937694371,0.0006568150711245835,nan
clean,180,different_subject,id0051,crop,id0051_GTready_crop,id0059,down8k,id0059_GTready_down8k,0.5500665903091431,0.5222600102424622,0.017131388187408447,0.025200335308909416,nan
clean,181,different_subject,id0051,crop,id0051_GTready_crop,id0059,remesh,id0059_GTready_remesh,0.5500665903091431,0.5292738080024719,0.011382564902305603,0.008594246581196785,nan
clean,182,different_subject,id0051,crop,id0051_GTready_crop,id0068,noisy,id0068_GTready_noisy,0.4789097011089325,0.5860700607299805,0.0070932786911726,0.008183660916984081,nan
clean,183,different_subject,id0051,crop,id0051_GTready_crop,id0068,original,id0068_GTready_original,0.4789097011089325,0.6008290648460388,0.007556329481303692,0.0066156163811683655,nan
clean,184,different_subject,id0051,crop,id0051_GTready_crop,id0068,remesh,id0068_GTready_remesh,0.4789097011089325,0.6151110529899597,0.00871422328054905,0.010327794589102268,nan
clean,185,different_subject,id0051,crop,id0051_GTready_crop,id0084,noisy,id0084_GTready_noisy,0.7593971490859985,0.7429158091545105,0.018001001328229904,0.008032510057091713,nan
clean,186,different_subject,id0051,crop,id0051_GTready_crop,id0084,up60k,id0084_GTready_up60k,0.7593971490859985,0.7900484204292297,0.022375157102942467,0.013232603669166565,nan
clean,187,different_subject,id0051,crop,id0051_GTready_crop,id0158,up60k,id0158_GTready_up60k,0.3552570641040802,0.3403454124927521,0.007905494421720505,0.009367306716740131,nan
clean,188,different_subject,id0051,crop,id0051_GTready_crop,id0187,down8k,id0187_GTready_down8k,0.7507216930389404,0.7446296215057373,0.024375393986701965,0.03036574088037014,nan
clean,189,different_subject,id0051,crop,id0051_GTready_crop,id0267,original,id0267_GTready_original,0.5900073647499084,0.5237085223197937,0.011490361765027046,0.016270488500595093,nan
clean,190,different_subject,id0051,crop,id0051_GTready_crop,id0478,up60k,id0478_GTready_up60k,0.4398535192012787,0.39988407492637634,0.009515130892395973,0.007667927071452141,nan
clean,191,different_subject,id0051,crop,id0051_GTready_crop,id0485,up60k,id0485_GTready_up60k,0.584274172782898,0.5416246652603149,0.013885468244552612,0.028893768787384033,nan
clean,192,different_subject,id0051,down8k,id0051_GTready_down8k,id0084,noisy,id0084_GTready_noisy,0.7593971490859985,0.7635456323623657,0.007697120774537325,0.008329824544489384,nan
clean,193,different_subject,id0051,down8k,id0051_GTready_down8k,id0158,crop,id0158_GTready_crop,0.3552570641040802,0.4368138015270233,0.008567585609853268,0.009522264823317528,nan
clean,194,different_subject,id0051,down8k,id0051_GTready_down8k,id0187,original,id0187_GTready_original,0.7507216930389404,0.7185338735580444,0.007273350842297077,0.005086980294436216,nan
clean,195,different_subject,id0051,down8k,id0051_GTready_down8k,id0456,original,id0456_GTready_original,0.32385194301605225,0.4491178095340729,0.005241451319307089,0.00982646457850933,nan
clean,196,different_subject,id0051,down8k,id0051_GTready_down8k,id0456,up60k,id0456_GTready_up60k,0.32385194301605225,0.40268465876579285,0.0036260131746530533,0.01136443205177784,nan
clean,197,different_subject,id0051,down8k,id0051_GTready_down8k,id0478,up60k,id0478_GTready_up60k,0.4398535192012787,0.3959311842918396,0.002652454189956188,0.0019650906324386597,nan
clean,198,different_subject,id0051,noisy,id0051_GTready_noisy,id0059,original,id0059_GTready_original,0.5500665903091431,0.5383594036102295,0.005603431258350611,0.0041159987449646,nan
clean,199,different_subject,id0051,noisy,id0051_GTready_noisy,id0068,crop,id0068_GTready_crop,0.4789097011089325,0.6199676394462585,0.006971566937863827,0.019294485449790955,nan
clean,200,different_subject,id0051,noisy,id0051_GTready_noisy,id0478,original,id0478_GTready_original,0.4398535192012787,0.4033498764038086,0.002840191125869751,0.0028228911105543375,nan
clean,201,different_subject,id0051,noisy,id0051_GTready_noisy,id0478,up60k,id0478_GTready_up60k,0.4398535192012787,0.4405991733074188,0.005546992644667625,0.004398966673761606,nan
clean,202,different_subject,id0051,original,id0051_GTready_original,id0059,crop,id0059_GTready_crop,0.5500665903091431,0.4723384976387024,0.0032302020117640495,0.003511499846354127,nan
clean,203,different_subject,id0051,original,id0051_GTready_original,id0068,down8k,id0068_GTready_down8k,0.4789097011089325,0.6587620973587036,0.009052896872162819,0.009705115109682083,nan
clean,204,different_subject,id0051,original,id0051_GTready_original,id0084,remesh,id0084_GTready_remesh,0.7593971490859985,0.7632705569267273,0.01407231017947197,0.014867142774164677,nan
clean,205,different_subject,id0051,original,id0051_GTready_original,id0129,down8k,id0129_GTready_down8k,0.5299994945526123,0.5492182970046997,0.011973691172897816,0.014253692701458931,nan
clean,206,different_subject,id0051,original,id0051_GTready_original,id0158,down8k,id0158_GTready_down8k,0.3552570641040802,0.3605511486530304,0.007204490713775158,0.004964451305568218,nan
clean,207,different_subject,id0051,original,id0051_GTready_original,id0267,crop,id0267_GTready_crop,0.5900073647499084,0.5453232526779175,0.002339988946914673,0.0022760534193366766,nan
clean,208,different_subject,id0051,original,id0051_GTready_original,id0267,down8k,id0267_GTready_down8k,0.5900073647499084,0.599700927734375,0.013490302488207817,0.011064554564654827,nan
clean,209,different_subject,id0051,original,id0051_GTready_original,id0456,remesh,id0456_GTready_remesh,0.32385194301605225,0.40645864605903625,0.004684921819716692,0.00753861153498292,nan
clean,210,different_subject,id0051,original,id0051_GTready_original,id0478,crop,id0478_GTready_crop,0.4398535192012787,0.40581798553466797,0.003458172781392932,0.0037664545234292746,nan
clean,211,different_subject,id0051,original,id0051_GTready_original,id0478,down8k,id0478_GTready_down8k,0.4398535192012787,0.4604153633117676,0.00908972043544054,0.004926782101392746,nan
clean,212,different_subject,id0051,original,id0051_GTready_original,id0485,up60k,id0485_GTready_up60k,0.584274172782898,0.5889263153076172,0.01073063537478447,0.012814616784453392,nan
clean,213,different_subject,id0051,original,id0051_GTready_original,id0489,up60k,id0489_GTready_up60k,0.6990591287612915,0.663754403591156,0.014945870265364647,0.009917235001921654,nan
clean,214,different_subject,id0051,remesh,id0051_GTready_remesh,id0084,original,id0084_GTready_original,0.7593971490859985,0.7526368498802185,0.01024671457707882,0.006973586976528168,nan
clean,215,different_subject,id0051,remesh,id0051_GTready_remesh,id0129,down8k,id0129_GTready_down8k,0.5299994945526123,0.5675327181816101,0.008152567781507969,0.005512267351150513,nan
clean,216,different_subject,id0051,remesh,id0051_GTready_remesh,id0158,noisy,id0158_GTready_noisy,0.3552570641040802,0.3838611841201782,0.002066622022539377,0.0018449675990268588,nan
clean,217,different_subject,id0051,remesh,id0051_GTready_remesh,id0267,original,id0267_GTready_original,0.5900073647499084,0.5360220074653625,0.004844800569117069,0.005021694116294384,nan
clean,218,different_subject,id0051,remesh,id0051_GTready_remesh,id0456,crop,id0456_GTready_crop,0.32385194301605225,0.4950075149536133,0.0080002062022686,0.007976045832037926,nan
clean,219,different_subject,id0051,remesh,id0051_GTready_remesh,id0485,noisy,id0485_GTready_noisy,0.584274172782898,0.48306724429130554,0.0036789365112781525,0.0030293301679193974,nan
clean,220,different_subject,id0051,up60k,id0051_GTready_up60k,id0084,crop,id0084_GTready_crop,0.7593971490859985,0.7714434862136841,0.005729459226131439,0.003349256468936801,nan
clean,221,different_subject,id0051,up60k,id0051_GTready_up60k,id0158,original,id0158_GTready_original,0.3552570641040802,0.3865554928779602,0.0020176295656710863,0.0023357360623776913,nan
clean,222,different_subject,id0051,up60k,id0051_GTready_up60k,id0456,original,id0456_GTready_original,0.32385194301605225,0.4591536521911621,0.0035895011387765408,0.005464284680783749,nan
clean,223,different_subject,id0051,up60k,id0051_GTready_up60k,id0478,down8k,id0478_GTready_down8k,0.4398535192012787,0.43397951126098633,0.005300227086991072,0.004731808323413134,nan
clean,224,different_subject,id0051,up60k,id0051_GTready_up60k,id0489,remesh,id0489_GTready_remesh,0.6990591287612915,0.6267327666282654,0.006171930581331253,0.006063456647098064,nan
clean,225,different_subject,id0059,crop,id0059_GTready_crop,id0068,noisy,id0068_GTready_noisy,0.3154456615447998,0.417844295501709,0.004500330425798893,0.004707868676632643,nan
clean,226,different_subject,id0059,crop,id0059_GTready_crop,id0187,noisy,id0187_GTready_noisy,0.37479138374328613,0.5565136671066284,0.013797188177704811,0.011217612773180008,nan
clean,227,different_subject,id0059,crop,id0059_GTready_crop,id0187,remesh,id0187_GTready_remesh,0.37479138374328613,0.5952543616294861,0.013041509315371513,0.00849020853638649,nan
clean,228,different_subject,id0059,crop,id0059_GTready_crop,id0267,remesh,id0267_GTready_remesh,0.26085081696510315,0.4821546971797943,0.0109456367790699,0.0066282134503126144,nan
clean,229,different_subject,id0059,crop,id0059_GTready_crop,id0478,up60k,id0478_GTready_up60k,0.2952691912651062,0.4139961004257202,0.008176221512258053,0.00583227165043354,nan
clean,230,different_subject,id0059,crop,id0059_GTready_crop,id0485,noisy,id0485_GTready_noisy,0.20676837861537933,0.31055381894111633,0.007538081146776676,0.005423868540674448,nan
clean,231,different_subject,id0059,crop,id0059_GTready_crop,id0489,original,id0489_GTready_original,0.3125225305557251,0.4714161157608032,0.013012874871492386,0.008537602610886097,nan
clean,232,different_subject,id0059,crop,id0059_GTready_crop,id0489,up60k,id0489_GTready_up60k,0.3125225305557251,0.4999578893184662,0.017156332731246948,0.01362798921763897,nan
clean,233,different_subject,id0059,down8k,id0059_GTready_down8k,id0129,noisy,id0129_GTready_noisy,0.2505662143230438,0.402189165353775,0.0025826594792306423,0.0013421536423265934,nan
clean,234,different_subject,id0059,down8k,id0059_GTready_down8k,id0158,noisy,id0158_GTready_noisy,0.27582526206970215,0.3617786467075348,0.003997839521616697,0.0031427631620317698,nan
clean,235,different_subject,id0059,down8k,id0059_GTready_down8k,id0187,up60k,id0187_GTready_up60k,0.37479138374328613,0.5201629400253296,0.002513251267373562,0.0023979388643056154,nan
clean,236,different_subject,id0059,down8k,id0059_GTready_down8k,id0267,crop,id0267_GTready_crop,0.26085081696510315,0.39476850628852844,0.013610194437205791,0.9558144807815552,nan
clean,237,different_subject,id0059,down8k,id0059_GTready_down8k,id0456,noisy,id0456_GTready_noisy,0.5016036033630371,0.49529150128364563,0.009530985727906227,0.011128654703497887,nan
clean,238,different_subject,id0059,down8k,id0059_GTready_down8k,id0478,noisy,id0478_GTready_noisy,0.2952691912651062,0.447085976600647,0.004118441138416529,0.0035471059381961823,nan
clean,239,different_subject,id0059,down8k,id0059_GTready_down8k,id0489,original,id0489_GTready_original,0.3125225305557251,0.3853887915611267,0.0014825857942923903,0.0011662137694656849,nan
clean,240,different_subject,id0059,down8k,id0059_GTready_down8k,id0489,up60k,id0489_GTready_up60k,0.3125225305557251,0.39826396107673645,0.002005265560001135,0.00144251249730587,nan
clean,241,different_subject,id0059,noisy,id0059_GTready_noisy,id0068,original,id0068_GTready_original,0.3154456615447998,0.3311881721019745,0.0017736679874360561,0.0020264117047190666,nan
clean,242,different_subject,id0059,noisy,id0059_GTready_noisy,id0084,original,id0084_GTready_original,0.3281788229942322,0.3997851014137268,0.0019958042539656162,0.001482080202549696,nan
clean,243,different_subject,id0059,noisy,id0059_GTready_noisy,id0084,up60k,id0084_GTready_up60k,0.3281788229942322,0.4407612085342407,0.0028655659407377243,0.001600055955350399,nan
clean,244,different_subject,id0059,noisy,id0059_GTready_noisy,id0187,original,id0187_GTready_original,0.37479138374328613,0.47654804587364197,0.002258971333503723,0.0025291037745773792,nan
clean,245,different_subject,id0059,noisy,id0059_GTready_noisy,id0267,crop,id0267_GTready_crop,0.26085081696510315,0.4163401424884796,0.007331468164920807,0.0044855885207653046,nan
clean,246,different_subject,id0059,noisy,id0059_GTready_noisy,id0267,remesh,id0267_GTready_remesh,0.26085081696510315,0.39595910906791687,0.0021969417575746775,0.001418698113411665,nan
clean,247,different_subject,id0059,noisy,id0059_GTready_noisy,id0478,original,id0478_GTready_original,0.2952691912651062,0.3713480532169342,0.0019134603207930923,0.0011136975372210145,nan
clean,248,different_subject,id0059,noisy,id0059_GTready_noisy,id0485,up60k,id0485_GTready_up60k,0.20676837861537933,0.2664410173892975,0.0013100475771352649,0.0004655115772038698,nan
clean,249,different_subject,id0059,noisy,id0059_GTready_noisy,id0489,down8k,id0489_GTready_down8k,0.3125225305557251,0.41467684507369995,0.0037299059331417084,0.0020839895587414503,nan
clean,250,different_subject,id0059,noisy,id0059_GTready_noisy,id0489,up60k,id0489_GTready_up60k,0.3125225305557251,0.4223448634147644,0.0029370435513556004,0.0021873482037335634,nan
clean,251,different_subject,id0059,original,id0059_GTready_original,id0068,crop,id0068_GTready_crop,0.3154456615447998,0.38302749395370483,0.01641494780778885,0.015155544504523277,nan
clean,252,different_subject,id0059,original,id0059_GTready_original,id0068,remesh,id0068_GTready_remesh,0.3154456615447998,0.36717578768730164,0.0029407250694930553,0.003976093605160713,nan
clean,253,different_subject,id0059,original,id0059_GTready_original,id0084,noisy,id0084_GTready_noisy,0.3281788229942322,0.39168116450309753,0.0024876429233700037,0.0014333495637401938,nan
clean,254,different_subject,id0059,original,id0059_GTready_original,id0129,up60k,id0129_GTready_up60k,0.2505662143230438,0.30178382992744446,0.0014276036527007818,0.0015831288183107972,nan
clean,255,different_subject,id0059,original,id0059_GTready_original,id0187,down8k,id0187_GTready_down8k,0.37479138374328613,0.5299205780029297,0.0056554656475782394,0.0039436654187738895,nan
clean,256,different_subject,id0059,original,id0059_GTready_original,id0267,down8k,id0267_GTready_down8k,0.26085081696510315,0.34302186965942383,0.0029466096311807632,0.0031059598550200462,nan
clean,257,different_subject,id0059,original,id0059_GTready_original,id0478,noisy,id0478_GTready_noisy,0.2952691912651062,0.43972134590148926,0.0016691492637619376,0.0008285430958494544,nan
clean,258,different_subject,id0059,original,id0059_GTready_original,id0485,down8k,id0485_GTready_down8k,0.20676837861537933,0.251544326543808,0.0021768645383417606,0.0010083969682455063,nan
clean,259,different_subject,id0059,remesh,id0059_GTready_remesh,id0084,original,id0084_GTready_original,0.3281788229942322,0.4175125062465668,0.0032445972319692373,0.0034568444825708866,nan
clean,260,different_subject,id0059,remesh,id0059_GTready_remesh,id0267,noisy,id0267_GTready_noisy,0.26085081696510315,0.3585013747215271,0.0020510810427367687,0.0026008791755884886,nan
clean,261,different_subject,id0059,remesh,id0059_GTready_remesh,id0456,original,id0456_GTready_original,0.5016036033630371,0.5436787605285645,0.006709402427077293,0.008025230839848518,nan
clean,262,different_subject,id0059,remesh,id0059_GTready_remesh,id0485,original,id0485_GTready_original,0.20676837861537933,0.21601346135139465,0.0011031045578420162,0.0011140126734972,nan
clean,263,different_subject,id0059,remesh,id0059_GTready_remesh,id0489,crop,id0489_GTready_crop,0.3125225305557251,0.37693288922309875,0.006470690481364727,0.0038913292810320854,nan
clean,264,different_subject,id0059,up60k,id0059_GTready_up60k,id0068,crop,id0068_GTready_crop,0.3154456615447998,0.3965672552585602,0.021013528108596802,0.014095037244260311,nan
clean,265,different_subject,id0059,up60k,id0059_GTready_up60k,id0068,down8k,id0068_GTready_down8k,0.3154456615447998,0.30436012148857117,0.0015855553792789578,0.0015926288906484842,nan
clean,266,different_subject,id0059,up60k,id0059_GTready_up60k,id0068,original,id0068_GTready_original,0.3154456615447998,0.3339605927467346,0.0032691063825041056,0.0021328208968043327,nan
clean,267,different_subject,id0059,up60k,id0059_GTready_up60k,id0129,down8k,id0129_GTready_down8k,0.2505662143230438,0.32787278294563293,0.000989444786682725,0.001147841801866889,nan
clean,268,different_subject,id0059,up60k,id0059_GTready_up60k,id0187,noisy,id0187_GTready_noisy,0.37479138374328613,0.5027564167976379,0.0018214024603366852,0.001694203121587634,nan
clean,269,different_subject,id0059,up60k,id0059_GTready_up60k,id0456,down8k,id0456_GTready_down8k,0.5016036033630371,0.48895063996315,0.0044492436572909355,0.004752816632390022,nan
clean,270,different_subject,id0059,up60k,id0059_GTready_up60k,id0478,noisy,id0478_GTready_noisy,0.2952691912651062,0.454356849193573,0.00279798055998981,0.0010575354099273682,nan
clean,271,different_subject,id0068,crop,id0068_GTready_crop,id0158,remesh,id0158_GTready_remesh,0.24868445098400116,0.4203099310398102,0.011588294059038162,0.00981080625206232,nan
clean,272,different_subject,id0068,crop,id0068_GTready_crop,id0456,down8k,id0456_GTready_down8k,0.38459599018096924,0.45587772130966187,0.00971867423504591,0.006921805441379547,nan
clean,273,different_subject,id0068,crop,id0068_GTready_crop,id0485,original,id0485_GTready_original,0.3255244791507721,0.4442039132118225,0.016645081341266632,0.01310901902616024,nan
clean,274,different_subject,id0068,crop,id0068_GTready_crop,id0489,noisy,id0489_GTready_noisy,0.4684937298297882,0.6882367134094238,0.02432994171977043,0.019246341660618782,nan
clean,275,different_subject,id0068,down8k,id0068_GTready_down8k,id0129,remesh,id0129_GTready_remesh,0.34368959069252014,0.48885443806648254,0.00327044865116477,0.0032615368254482746,nan
clean,276,different_subject,id0068,down8k,id0068_GTready_down8k,id0158,original,id0158_GTready_original,0.24868445098400116,0.47036081552505493,0.00291013577952981,0.0016323972959071398,nan
clean,277,different_subject,id0068,down8k,id0068_GTready_down8k,id0158,remesh,id0158_GTready_remesh,0.24868445098400116,0.45028629899024963,0.0037057274021208286,0.003496488556265831,nan
clean,278,different_subject,id0068,down8k,id0068_GTready_down8k,id0187,noisy,id0187_GTready_noisy,0.5366069674491882,0.7098487615585327,0.0046372730284929276,0.0038459952920675278,nan
clean,279,different_subject,id0068,down8k,id0068_GTready_down8k,id0267,crop,id0267_GTready_crop,0.3197224736213684,0.40429994463920593,0.008073320612311363,0.005192579701542854,nan
clean,280,different_subject,id0068,down8k,id0068_GTready_down8k,id0267,noisy,id0267_GTready_noisy,0.3197224736213684,0.3478828966617584,0.0018731155432760715,0.0020527353044599295,nan
clean,281,different_subject,id0068,down8k,id0068_GTready_down8k,id0456,crop,id0456_GTready_crop,0.38459599018096924,0.558846116065979,0.01455812156200409,0.020223338156938553,nan
clean,282,different_subject,id0068,down8k,id0068_GTready_down8k,id0456,original,id0456_GTready_original,0.38459599018096924,0.5550276637077332,0.007129714824259281,0.004774656146764755,nan
clean,283,different_subject,id0068,noisy,id0068_GTready_noisy,id0084,crop,id0084_GTready_crop,0.5045140981674194,0.6700341701507568,0.003831503912806511,0.0028777187690138817,nan
clean,284,different_subject,id0068,noisy,id0068_GTready_noisy,id0129,down8k,id0129_GTready_down8k,0.34368959069252014,0.4675094485282898,0.0031890503596514463,0.003354346612468362,nan
clean,285,different_subject,id0068,noisy,id0068_GTready_noisy,id0158,crop,id0158_GTready_crop,0.24868445098400116,0.45321911573410034,0.007363207638263702,0.00932229682803154,nan
clean,286,different_subject,id0068,noisy,id0068_GTready_noisy,id0187,original,id0187_GTready_original,0.5366069674491882,0.708088219165802,0.006062798202037811,0.005462991073727608,nan
clean,287,different_subject,id0068,noisy,id0068_GTready_noisy,id0187,remesh,id0187_GTready_remesh,0.5366069674491882,0.7924212217330933,0.006254193373024464,0.005192194599658251,nan
clean,288,different_subject,id0068,noisy,id0068_GTready_noisy,id0267,up60k,id0267_GTready_up60k,0.3197224736213684,0.36065325140953064,0.003614014945924282,0.0022967318072915077,nan
clean,289,different_subject,id0068,noisy,id0068_GTready_noisy,id0456,remesh,id0456_GTready_remesh,0.38459599018096924,0.5208779573440552,0.00502090435475111,0.0058358097448945045,nan
clean,290,different_subject,id0068,noisy,id0068_GTready_noisy,id0485,crop,id0485_GTready_crop,0.3255244791507721,0.49133774638175964,0.004399009048938751,0.004349821712821722,nan
clean,291,different_subject,id0068,noisy,id0068_GTready_noisy,id0485,up60k,id0485_GTready_up60k,0.3255244791507721,0.4121134877204895,0.00294508901424706,0.002024524612352252,nan
clean,292,different_subject,id0068,original,id0068_GTready_original,id0456,down8k,id0456_GTready_down8k,0.38459599018096924,0.509068489074707,0.0019405691418796778,0.002750105457380414,nan
clean,293,different_subject,id0068,original,id0068_GTready_original,id0456,noisy,id0456_GTready_noisy,0.38459599018096924,0.5200963020324707,0.0026303064078092575,0.002985541708767414,nan
clean,294,different_subject,id0068,original,id0068_GTready_original,id0485,up60k,id0485_GTready_up60k,0.3255244791507721,0.4202306568622589,0.003809564281255007,0.0022211833856999874,nan
clean,295,different_subject,id0068,original,id0068_GTready_original,id0489,crop,id0489_GTready_crop,0.4684937298297882,0.5930347442626953,0.00412391871213913,0.0038011264987289906,nan
clean,296,different_subject,id0068,remesh,id0068_GTready_remesh,id0129,crop,id0129_GTready_crop,0.34368959069252014,0.7088118195533752,0.006339453626424074,0.008036358281970024,nan
clean,297,different_subject,id0068,remesh,id0068_GTready_remesh,id0129,original,id0129_GTready_original,0.34368959069252014,0.5730929970741272,0.002578953979536891,0.0027931283693760633,nan
clean,298,different_subject,id0068,remesh,id0068_GTready_remesh,id0187,original,id0187_GTready_original,0.5366069674491882,0.743066668510437,0.007998645305633545,0.008230055682361126,nan
clean,299,different_subject,id0068,remesh,id0068_GTready_remesh,id0267,crop,id0267_GTready_crop,0.3197224736213684,0.4389079213142395,0.00540448073297739,0.0034231464378535748,nan
clean,300,different_subject,id0068,remesh,id0068_GTready_remesh,id0267,down8k,id0267_GTready_down8k,0.3197224736213684,0.3637522757053375,0.006423855200409889,0.007813019677996635,nan
clean,301,different_subject,id0068,remesh,id0068_GTready_remesh,id0267,up60k,id0267_GTready_up60k,0.3197224736213684,0.3492261469364166,0.004766422789543867,0.004333280958235264,nan
clean,302,different_subject,id0068,remesh,id0068_GTready_remesh,id0456,original,id0456_GTready_original,0.38459599018096924,0.5799531936645508,0.0038928380236029625,0.002845226554200053,nan
clean,303,different_subject,id0068,remesh,id0068_GTready_remesh,id0478,crop,id0478_GTready_crop,0.2664910554885864,0.5484125018119812,0.006621738895773888,0.0032201134599745274,nan
clean,304,different_subject,id0068,remesh,id0068_GTready_remesh,id0485,noisy,id0485_GTready_noisy,0.3255244791507721,0.3608072102069855,0.002460506744682789,0.003383887931704521,nan
clean,305,different_subject,id0068,remesh,id0068_GTready_remesh,id0489,down8k,id0489_GTready_down8k,0.4684937298297882,0.57220059633255,0.009069424122571945,0.007569202221930027,nan
clean,306,different_subject,id0068,up60k,id0068_GTready_up60k,id0158,crop,id0158_GTready_crop,0.24868445098400116,0.46789610385894775,0.01049000583589077,0.014401891268789768,nan
clean,307,different_subject,id0068,up60k,id0068_GTready_up60k,id0187,noisy,id0187_GTready_noisy,0.5366069674491882,0.7144339680671692,0.0051839035004377365,0.004849083721637726,nan
clean,308,different_subject,id0068,up60k,id0068_GTready_up60k,id0187,original,id0187_GTready_original,0.5366069674491882,0.7220103144645691,0.005671375431120396,0.00488261366263032,nan
clean,309,different_subject,id0068,up60k,id0068_GTready_up60k,id0187,remesh,id0187_GTready_remesh,0.5366069674491882,0.7869669198989868,0.005532984621822834,0.005230925045907497,nan
clean,310,different_subject,id0068,up60k,id0068_GTready_up60k,id0267,crop,id0267_GTready_crop,0.3197224736213684,0.40830209851264954,0.00651839654892683,0.01018848828971386,nan
clean,311,different_subject,id0068,up60k,id0068_GTready_up60k,id0456,down8k,id0456_GTready_down8k,0.38459599018096924,0.5120954513549805,0.00211933720856905,0.0021003587171435356,nan
clean,312,different_subject,id0068,up60k,id0068_GTready_up60k,id0456,remesh,id0456_GTready_remesh,0.38459599018096924,0.5335178375244141,0.00622978713363409,0.005404329858720303,nan
clean,313,different_subject,id0068,up60k,id0068_GTready_up60k,id0485,remesh,id0485_GTready_remesh,0.3255244791507721,0.4102429151535034,0.0021109995432198048,0.0017054204363375902,nan
clean,314,different_subject,id0068,up60k,id0068_GTready_up60k,id0489,crop,id0489_GTready_crop,0.4684937298297882,0.563343346118927,0.005780878476798534,0.004545931238681078,nan
clean,315,different_subject,id0084,crop,id0084_GTready_crop,id0187,down8k,id0187_GTready_down8k,0.2302183210849762,0.4372655153274536,0.014709046110510826,0.012685980647802353,nan
clean,316,different_subject,id0084,crop,id0084_GTready_crop,id0187,remesh,id0187_GTready_remesh,0.2302183210849762,0.434927761554718,0.00878981314599514,0.011366072110831738,nan
clean,317,different_subject,id0084,crop,id0084_GTready_crop,id0267,original,id0267_GTready_original,0.39824604988098145,0.670859694480896,0.008654821664094925,0.007700036279857159,nan
clean,318,different_subject,id0084,crop,id0084_GTready_crop,id0485,noisy,id0485_GTready_noisy,0.3498280942440033,0.5358459949493408,0.006447228603065014,0.011488523334264755,nan
clean,319,different_subject,id0084,crop,id0084_GTready_crop,id0489,down8k,id0489_GTready_down8k,0.29105356335639954,0.5235192775726318,0.01569073274731636,0.016278760507702827,nan
clean,320,different_subject,id0084,down8k,id0084_GTready_down8k,id0129,noisy,id0129_GTready_noisy,0.40170150995254517,0.6116653084754944,0.005390522535890341,0.0028862720355391502,nan
clean,321,different_subject,id0084,down8k,id0084_GTready_down8k,id0158,crop,id0158_GTready_crop,0.47260814905166626,0.6223070621490479,0.026730574667453766,0.013903684914112091,nan
clean,322,different_subject,id0084,down8k,id0084_GTready_down8k,id0267,up60k,id0267_GTready_up60k,0.39824604988098145,0.6536171436309814,0.0042570531368255615,0.0027970524970442057,nan
clean,323,different_subject,id0084,down8k,id0084_GTready_down8k,id0456,crop,id0456_GTready_crop,0.6996428370475769,0.8230352997779846,0.02906249836087227,0.015617767348885536,nan
clean,324,different_subject,id0084,down8k,id0084_GTready_down8k,id0478,crop,id0478_GTready_crop,0.49443456530570984,0.7708482146263123,0.027267003431916237,0.011603187769651413,nan
clean,325,different_subject,id0084,down8k,id0084_GTready_down8k,id0478,noisy,id0478_GTready_noisy,0.49443456530570984,0.7850330471992493,0.00892843957990408,0.0044346461072564125,nan
clean,326,different_subject,id0084,down8k,id0084_GTready_down8k,id0478,up60k,id0478_GTready_up60k,0.49443456530570984,0.7327343225479126,0.007028914522379637,0.0026604835875332355,nan
clean,327,different_subject,id0084,down8k,id0084_GTready_down8k,id0485,noisy,id0485_GTready_noisy,0.3498280942440033,0.5272517204284668,0.0048322780057787895,0.0019657963421195745,nan
clean,328,different_subject,id0084,down8k,id0084_GTready_down8k,id0485,remesh,id0485_GTready_remesh,0.3498280942440033,0.5064311623573303,0.006507551297545433,0.0038536712527275085,nan
clean,329,different_subject,id0084,noisy,id0084_GTready_noisy,id0129,down8k,id0129_GTready_down8k,0.40170150995254517,0.519493043422699,0.0018454842502251267,0.00179070676676929,nan
clean,330,different_subject,id0084,noisy,id0084_GTready_noisy,id0158,original,id0158_GTready_original,0.47260814905166626,0.6055079102516174,0.005357644520699978,0.0021141013130545616,nan
clean,331,different_subject,id0084,noisy,id0084_GTready_noisy,id0456,crop,id0456_GTready_crop,0.6996428370475769,0.7548976540565491,0.021293960511684418,0.01280629076063633,nan
clean,332,different_subject,id0084,original,id0084_GTready_original,id0129,down8k,id0129_GTready_down8k,0.40170150995254517,0.5210530757904053,0.002037509810179472,0.0016355500556528568,nan
clean,333,different_subject,id0084,original,id0084_GTready_original,id0158,noisy,id0158_GTready_noisy,0.47260814905166626,0.615525484085083,0.004759036935865879,0.004808383993804455,nan
clean,334,different_subject,id0084,original,id0084_GTready_original,id0158,up60k,id0158_GTready_up60k,0.47260814905166626,0.5916164517402649,0.003783047664910555,0.0034115773160010576,nan
clean,335,different_subject,id0084,original,id0084_GTready_original,id0478,down8k,id0478_GTready_down8k,0.49443456530570984,0.700197160243988,0.004515552893280983,0.00225703208707273,nan
clean,336,different_subject,id0084,original,id0084_GTready_original,id0478,noisy,id0478_GTready_noisy,0.49443456530570984,0.7312565445899963,0.0059272972866892815,0.0024329444859176874,nan
clean,337,different_subject,id0084,original,id0084_GTready_original,id0485,crop,id0485_GTready_crop,0.3498280942440033,0.5182029604911804,0.0155937559902668,0.008630873635411263,nan
clean,338,different_subject,id0084,original,id0084_GTready_original,id0485,up60k,id0485_GTready_up60k,0.3498280942440033,0.47980281710624695,0.003568989224731922,0.0037441053427755833,nan
clean,339,different_subject,id0084,remesh,id0084_GTready_remesh,id0129,up60k,id0129_GTready_up60k,0.40170150995254517,0.5072528719902039,0.0019568500574678183,0.0016438537277281284,nan
clean,340,different_subject,id0084,remesh,id0084_GTready_remesh,id0267,noisy,id0267_GTready_noisy,0.39824604988098145,0.6345980763435364,0.0036896902602165937,0.0025929242838174105,nan
clean,341,different_subject,id0084,remesh,id0084_GTready_remesh,id0456,noisy,id0456_GTready_noisy,0.6996428370475769,0.7391332387924194,0.00989743322134018,0.009017587639391422,nan
clean,342,different_subject,id0084,remesh,id0084_GTready_remesh,id0478,noisy,id0478_GTready_noisy,0.49443456530570984,0.7315407991409302,0.005445944145321846,0.004377849865704775,nan
clean,343,different_subject,id0084,remesh,id0084_GTready_remesh,id0485,up60k,id0485_GTready_up60k,0.3498280942440033,0.46262526512145996,0.003297228366136551,0.0019057707395404577,nan
clean,344,different_subject,id0084,remesh,id0084_GTready_remesh,id0489,up60k,id0489_GTready_up60k,0.29105356335639954,0.4741286635398865,0.0037110080011188984,0.004214209038764238,nan
clean,345,different_subject,id0084,up60k,id0084_GTready_up60k,id0129,down8k,id0129_GTready_down8k,0.40170150995254517,0.5503587126731873,0.002283669076859951,0.0022654058411717415,nan
clean,346,different_subject,id0084,up60k,id0084_GTready_up60k,id0478,crop,id0478_GTready_crop,0.49443456530570984,0.7647038102149963,0.023818157613277435,0.011691786348819733,nan
clean,347,different_subject,id0084,up60k,id0084_GTready_up60k,id0485,down8k,id0485_GTready_down8k,0.3498280942440033,0.4848353862762451,0.0031420993618667126,0.0014589964412152767,nan
clean,348,different_subject,id0084,up60k,id0084_GTready_up60k,id0489,noisy,id0489_GTready_noisy,0.29105356335639954,0.47118744254112244,0.0023506218567490578,0.0011360719799995422,nan
clean,349,different_subject,id0129,crop,id0129_GTready_crop,id0158,noisy,id0158_GTready_noisy,0.2813311517238617,0.46613040566444397,0.005101798102259636,0.004782394506037235,nan
clean,350,different_subject,id0129,crop,id0129_GTready_crop,id0158,up60k,id0158_GTready_up60k,0.2813311517238617,0.4878906309604645,0.007910189218819141,0.009970349259674549,nan
clean,351,different_subject,id0129,crop,id0129_GTready_crop,id0456,down8k,id0456_GTready_down8k,0.4292428493499756,0.5219139456748962,0.005393022671341896,0.010116665624082088,nan
clean,352,different_subject,id0129,crop,id0129_GTready_crop,id0456,remesh,id0456_GTready_remesh,0.4292428493499756,0.4867917597293854,0.002544649178162217,0.0017948462627828121,nan
clean,353,different_subject,id0129,crop,id0129_GTready_crop,id0478,down8k,id0478_GTready_down8k,0.29112306237220764,0.6164211630821228,0.01296832412481308,0.013255739584565163,nan
clean,354,different_subject,id0129,down8k,id0129_GTready_down8k,id0158,noisy,id0158_GTready_noisy,0.2813311517238617,0.36734098196029663,0.0034000826999545097,0.002593838609755039,nan
clean,355,different_subject,id0129,down8k,id0129_GTready_down8k,id0187,up60k,id0187_GTready_up60k,0.43167588114738464,0.5608742833137512,0.0027198432944715023,0.0044457996264100075,nan
clean,356,different_subject,id0129,down8k,id0129_GTready_down8k,id0267,crop,id0267_GTready_crop,0.38545143604278564,0.5805493593215942,0.012543510645627975,0.006820029579102993,nan
clean,357,different_subject,id0129,down8k,id0129_GTready_down8k,id0267,original,id0267_GTready_original,0.38545143604278564,0.5608553886413574,0.0030742264352738857,0.0033694833982735872,nan
clean,358,different_subject,id0129,down8k,id0129_GTready_down8k,id0267,remesh,id0267_GTready_remesh,0.38545143604278564,0.6122152209281921,0.0035203611478209496,0.003009854117408395,nan
clean,359,different_subject,id0129,down8k,id0129_GTready_down8k,id0267,up60k,id0267_GTready_up60k,0.38545143604278564,0.5865979194641113,0.0029164222069084644,0.0028455122373998165,nan
clean,360,different_subject,id0129,down8k,id0129_GTready_down8k,id0456,crop,id0456_GTready_crop,0.4292428493499756,0.4074538052082062,0.01713823527097702,0.01809745281934738,nan
clean,361,different_subject,id0129,down8k,id0129_GTready_down8k,id0456,remesh,id0456_GTready_remesh,0.4292428493499756,0.39698365330696106,0.010362068191170692,0.007260421756654978,nan
clean,362,different_subject,id0129,down8k,id0129_GTready_down8k,id0489,original,id0489_GTready_original,0.4461606740951538,0.5407514572143555,0.0022781607694923878,0.0028315982781350613,nan
clean,363,different_subject,id0129,noisy,id0129_GTready_noisy,id0158,crop,id0158_GTready_crop,0.2813311517238617,0.3890647888183594,0.008362412452697754,0.006013845093548298,nan
clean,364,different_subject,id0129,noisy,id0129_GTready_noisy,id0158,up60k,id0158_GTready_up60k,0.2813311517238617,0.3896399736404419,0.0012664773967117071,0.001443852437660098,nan
clean,365,different_subject,id0129,noisy,id0129_GTready_noisy,id0478,down8k,id0478_GTready_down8k,0.29112306237220764,0.49908560514450073,0.002500064205378294,0.0019365111365914345,nan
clean,366,different_subject,id0129,noisy,id0129_GTready_noisy,id0489,remesh,id0489_GTready_remesh,0.4461606740951538,0.676037073135376,0.0037484026979655027,0.004313306417316198,nan
clean,367,different_subject,id0129,original,id0129_GTready_original,id0187,remesh,id0187_GTready_remesh,0.43167588114738464,0.641341507434845,0.004168461076915264,0.003744071815162897,nan
clean,368,different_subject,id0129,original,id0129_GTready_original,id0267,crop,id0267_GTready_crop,0.38545143604278564,0.6286816596984863,0.006743694189935923,0.004845198709517717,nan
clean,369,different_subject,id0129,original,id0129_GTready_original,id0267,down8k,id0267_GTready_down8k,0.38545143604278564,0.6406353116035461,0.005958355963230133,0.008502776734530926,nan
clean,370,different_subject,id0129,original,id0129_GTready_original,id0456,up60k,id0456_GTready_up60k,0.4292428493499756,0.4273104667663574,0.0027226521633565426,0.002316233469173312,nan
clean,371,different_subject,id0129,original,id0129_GTready_original,id0478,remesh,id0478_GTready_remesh,0.29112306237220764,0.5181625485420227,0.002750638872385025,0.0018570991232991219,nan
clean,372,different_subject,id0129,original,id0129_GTready_original,id0478,up60k,id0478_GTready_up60k,0.29112306237220764,0.5027680993080139,0.0024021645076572895,0.002057721372693777,nan
clean,373,different_subject,id0129,original,id0129_GTready_original,id0485,crop,id0485_GTready_crop,0.3199981153011322,0.40332046151161194,0.005174743477255106,0.0037406368646770716,nan
clean,374,different_subject,id0129,original,id0129_GTready_original,id0485,down8k,id0485_GTready_down8k,0.3199981153011322,0.4360538721084595,0.004452799446880817,0.0032554601784795523,nan
clean,375,different_subject,id0129,original,id0129_GTready_original,id0485,noisy,id0485_GTready_noisy,0.3199981153011322,0.3955020606517792,0.0019413377158343792,0.0037168427370488644,nan
clean,376,different_subject,id0129,original,id0129_GTready_original,id0485,remesh,id0485_GTready_remesh,0.3199981153011322,0.496329128742218,0.0031147217378020287,0.0021669648122042418,nan
clean,377,different_subject,id0129,remesh,id0129_GTready_remesh,id0187,original,id0187_GTready_original,0.43167588114738464,0.5201226472854614,0.004231133498251438,0.00652029225602746,nan
clean,378,different_subject,id0129,remesh,id0129_GTready_remesh,id0456,up60k,id0456_GTready_up60k,0.4292428493499756,0.40451109409332275,0.002965605119243264,0.0027687689289450645,nan
clean,379,different_subject,id0129,up60k,id0129_GTready_up60k,id0267,crop,id0267_GTready_crop,0.38545143604278564,0.5883312225341797,0.010229717940092087,0.006036768201738596,nan
clean,380,different_subject,id0129,up60k,id0129_GTready_up60k,id0267,remesh,id0267_GTready_remesh,0.38545143604278564,0.6084259748458862,0.0030780865345150232,0.002657882869243622,nan
clean,381,different_subject,id0129,up60k,id0129_GTready_up60k,id0478,noisy,id0478_GTready_noisy,0.29112306237220764,0.4499126970767975,0.0022752999793738127,0.0008582434384152293,nan
clean,382,different_subject,id0129,up60k,id0129_GTready_up60k,id0485,noisy,id0485_GTready_noisy,0.3199981153011322,0.31645986437797546,0.0015038158744573593,0.0014463901752606034,nan
clean,383,different_subject,id0158,crop,id0158_GTready_crop,id0267,down8k,id0267_GTready_down8k,0.33371129631996155,0.46079471707344055,0.021428436040878296,0.023870384320616722,nan
clean,384,different_subject,id0158,crop,id0158_GTready_crop,id0267,remesh,id0267_GTready_remesh,0.33371129631996155,0.5009595155715942,0.015395758673548698,0.009660563431680202,nan
clean,385,different_subject,id0158,crop,id0158_GTready_crop,id0478,noisy,id0478_GTready_noisy,0.23338831961154938,0.4189678728580475,0.006529735401272774,0.007422857917845249,nan
clean,386,different_subject,id0158,crop,id0158_GTready_crop,id0485,remesh,id0485_GTready_remesh,0.3255888819694519,0.4813615381717682,0.013410331681370735,0.007197191007435322,nan
clean,387,different_subject,id0158,crop,id0158_GTready_crop,id0485,up60k,id0485_GTready_up60k,0.3255888819694519,0.44013258814811707,0.01627330854535103,0.012354664504528046,nan
clean,388,different_subject,id0158,crop,id0158_GTready_crop,id0489,remesh,id0489_GTready_remesh,0.4539671838283539,0.5955191850662231,0.017173215746879578,0.01731874607503414,nan
clean,389,different_subject,id0158,crop,id0158_GTready_crop,id0489,up60k,id0489_GTready_up60k,0.4539671838283539,0.5744161605834961,0.02280513569712639,0.09576438367366791,nan
clean,390,different_subject,id0158,down8k,id0158_GTready_down8k,id0267,original,id0267_GTready_original,0.33371129631996155,0.41255804896354675,0.0014994381926953793,0.0019280414562672377,nan
clean,391,different_subject,id0158,down8k,id0158_GTready_down8k,id0478,crop,id0478_GTready_crop,0.23338831961154938,0.3453405499458313,0.011253595352172852,0.011911849491298199,nan
clean,392,different_subject,id0158,down8k,id0158_GTready_down8k,id0478,remesh,id0478_GTready_remesh,0.23338831961154938,0.36313700675964355,0.002566465176641941,0.0024020420387387276,nan
clean,393,different_subject,id0158,noisy,id0158_GTready_noisy,id0187,original,id0187_GTready_original,0.484954297542572,0.5911163091659546,0.004604378715157509,0.00690967682749033,nan
clean,394,different_subject,id0158,noisy,id0158_GTready_noisy,id0267,original,id0267_GTready_original,0.33371129631996155,0.4321407973766327,0.002333099953830242,0.003027167171239853,nan
clean,395,different_subject,id0158,noisy,id0158_GTready_noisy,id0267,remesh,id0267_GTready_remesh,0.33371129631996155,0.5079309344291687,0.0031929470133036375,0.0013374664122238755,nan
clean,396,different_subject,id0158,noisy,id0158_GTready_noisy,id0478,remesh,id0478_GTready_remesh,0.23338831961154938,0.3866472542285919,0.0021920125000178814,0.0013691866770386696,nan
clean,397,different_subject,id0158,original,id0158_GTready_original,id0187,up60k,id0187_GTready_up60k,0.484954297542572,0.6678079962730408,0.007588748820126057,0.00540638342499733,nan
clean,398,different_subject,id0158,original,id0158_GTready_original,id0478,down8k,id0478_GTready_down8k,0.23338831961154938,0.3733116090297699,0.003719932399690151,0.0024389862082898617,nan
clean,399,different_subject,id0158,original,id0158_GTready_original,id0485,up60k,id0485_GTready_up60k,0.3255888819694519,0.4732334315776825,0.004035003483295441,0.0018308511935174465,nan
clean,400,different_subject,id0158,original,id0158_GTready_original,id0489,down8k,id0489_GTready_down8k,0.4539671838283539,0.5924412608146667,0.009164206683635712,0.00746749434620142,nan
clean,401,different_subject,id0158,remesh,id0158_GTready_remesh,id0267,down8k,id0267_GTready_down8k,0.33371129631996155,0.44943931698799133,0.006180466152727604,0.005519407335668802,nan
clean,402,different_subject,id0158,remesh,id0158_GTready_remesh,id0267,up60k,id0267_GTready_up60k,0.33371129631996155,0.45467665791511536,0.004593822173774242,0.00635868776589632,nan
clean,403,different_subject,id0158,remesh,id0158_GTready_remesh,id0478,up60k,id0478_GTready_up60k,0.23338831961154938,0.34467852115631104,0.002290604868903756,0.0022581389639526606,nan
clean,404,different_subject,id0158,remesh,id0158_GTready_remesh,id0485,crop,id0485_GTready_crop,0.3255888819694519,0.3701850175857544,0.0036298613995313644,0.0018604351207613945,nan
clean,405,different_subject,id0158,up60k,id0158_GTready_up60k,id0267,crop,id0267_GTready_crop,0.33371129631996155,0.3953956067562103,0.006301801651716232,0.004302763380110264,nan
clean,406,different_subject,id0158,up60k,id0158_GTready_up60k,id0267,down8k,id0267_GTready_down8k,0.33371129631996155,0.4287407100200653,0.0035869209095835686,0.005912567023187876,nan
clean,407,different_subject,id0158,up60k,id0158_GTready_up60k,id0267,noisy,id0267_GTready_noisy,0.33371129631996155,0.39288267493247986,0.0017133333021774888,0.001902965479530394,nan
clean,408,different_subject,id0158,up60k,id0158_GTready_up60k,id0456,crop,id0456_GTready_crop,0.32644712924957275,0.3623270094394684,0.01126275584101677,0.009879309684038162,nan
clean,409,different_subject,id0158,up60k,id0158_GTready_up60k,id0478,crop,id0478_GTready_crop,0.23338831961154938,0.3580186665058136,0.008861226961016655,0.011586129665374756,nan
clean,410,different_subject,id0158,up60k,id0158_GTready_up60k,id0478,noisy,id0478_GTready_noisy,0.23338831961154938,0.3604130148887634,0.0012017673579975963,0.0009139311732724309,nan
clean,411,different_subject,id0158,up60k,id0158_GTready_up60k,id0485,remesh,id0485_GTready_remesh,0.3255888819694519,0.44662898778915405,0.0015603899955749512,0.001187663758173585,nan
clean,412,different_subject,id0158,up60k,id0158_GTready_up60k,id0489,crop,id0489_GTready_crop,0.4539671838283539,0.4621354937553406,0.00461940374225378,0.003477188292890787,nan
clean,413,different_subject,id0158,up60k,id0158_GTready_up60k,id0489,noisy,id0489_GTready_noisy,0.4539671838283539,0.5345994830131531,0.0025803386233747005,0.0024092195089906454,nan
clean,414,different_subject,id0187,crop,id0187_GTready_crop,id0267,noisy,id0267_GTready_noisy,0.4295506179332733,0.700241208076477,0.005744902882725,0.005211474373936653,nan
clean,415,different_subject,id0187,crop,id0187_GTready_crop,id0485,remesh,id0485_GTready_remesh,0.35084354877471924,0.5470041632652283,0.005825897213071585,0.0038444623351097107,nan
clean,416,different_subject,id0187,down8k,id0187_GTready_down8k,id0485,crop,id0485_GTready_crop,0.35084354877471924,0.5429660677909851,0.020297324284911156,0.014377429150044918,nan
clean,417,different_subject,id0187,noisy,id0187_GTready_noisy,id0267,original,id0267_GTready_original,0.4295506179332733,0.671068012714386,0.0035656685940921307,0.0036109844222664833,nan
clean,418,different_subject,id0187,noisy,id0187_GTready_noisy,id0485,original,id0485_GTready_original,0.35084354877471924,0.507601797580719,0.0030132425017654896,0.0016749075148254633,nan
clean,419,different_subject,id0187,noisy,id0187_GTready_noisy,id0485,up60k,id0485_GTready_up60k,0.35084354877471924,0.5258417129516602,0.002501650247722864,0.0018525379709899426,nan
clean,420,different_subject,id0187,noisy,id0187_GTready_noisy,id0489,crop,id0489_GTready_crop,0.26949137449264526,0.4983452260494232,0.011537648737430573,0.0071327839978039265,nan
clean,421,different_subject,id0187,noisy,id0187_GTready_noisy,id0489,down8k,id0489_GTready_down8k,0.26949137449264526,0.4506375789642334,0.0025469178799539804,0.0016214196803048253,nan
clean,422,different_subject,id0187,original,id0187_GTready_original,id0267,crop,id0267_GTready_crop,0.4295506179332733,0.7489342093467712,0.01674826443195343,0.012127064168453217,nan
clean,423,different_subject,id0187,original,id0187_GTready_original,id0478,up60k,id0478_GTready_up60k,0.476080983877182,0.616751492023468,0.0047366805374622345,0.0037392391823232174,nan
clean,424,different_subject,id0187,remesh,id0187_GTready_remesh,id0267,original,id0267_GTready_original,0.4295506179332733,0.7581383585929871,0.005026823375374079,0.004020236432552338,nan
clean,425,different_subject,id0187,remesh,id0187_GTready_remesh,id0456,noisy,id0456_GTready_noisy,0.6989386677742004,0.7809723019599915,0.009711828082799911,0.013879150152206421,nan
clean,426,different_subject,id0187,remesh,id0187_GTready_remesh,id0456,original,id0456_GTready_original,0.6989386677742004,0.8033090233802795,0.012111643329262733,0.01892274245619774,nan
clean,427,different_subject,id0187,remesh,id0187_GTready_remesh,id0478,up60k,id0478_GTready_up60k,0.476080983877182,0.6944282054901123,0.004732734989374876,0.006964637897908688,nan
clean,428,different_subject,id0187,remesh,id0187_GTready_remesh,id0485,crop,id0485_GTready_crop,0.35084354877471924,0.5528305172920227,0.012464595958590508,0.02226056158542633,nan
clean,429,different_subject,id0187,remesh,id0187_GTready_remesh,id0489,crop,id0489_GTready_crop,0.26949137449264526,0.4753502905368805,0.011523168534040451,0.010861850343644619,nan
clean,430,different_subject,id0187,up60k,id0187_GTready_up60k,id0267,down8k,id0267_GTready_down8k,0.4295506179332733,0.6966257691383362,0.0038443924859166145,0.004544222727417946,nan
clean,431,different_subject,id0187,up60k,id0187_GTready_up60k,id0267,original,id0267_GTready_original,0.4295506179332733,0.7232937216758728,0.005084547214210033,0.004033321514725685,nan
clean,432,different_subject,id0267,crop,id0267_GTready_crop,id0478,noisy,id0478_GTready_noisy,0.31431350111961365,0.5339173674583435,0.0037340682465583086,0.0028219972737133503,nan
clean,433,different_subject,id0267,noisy,id0267_GTready_noisy,id0478,crop,id0478_GTready_crop,0.31431350111961365,0.5307683348655701,0.012959063053131104,0.010782493278384209,nan
clean,434,different_subject,id0267,original,id0267_GTready_original,id0456,noisy,id0456_GTready_noisy,0.5707484483718872,0.6124606132507324,0.007571907714009285,0.009706564247608185,nan
clean,435,different_subject,id0267,original,id0267_GTready_original,id0478,down8k,id0478_GTready_down8k,0.31431350111961365,0.4204563498497009,0.0016366933705285192,0.0018100496381521225,nan
clean,436,different_subject,id0267,original,id0267_GTready_original,id0485,down8k,id0485_GTready_down8k,0.2580716907978058,0.38634973764419556,0.0019692203495651484,0.0018769374582916498,nan
clean,437,different_subject,id0267,original,id0267_GTready_original,id0489,down8k,id0489_GTready_down8k,0.29564979672431946,0.46272656321525574,0.003364831442013383,0.002296177204698324,nan
clean,438,different_subject,id0267,remesh,id0267_GTready_remesh,id0456,original,id0456_GTready_original,0.5707484483718872,0.6853628158569336,0.010017932392656803,0.007134765386581421,nan
clean,439,different_subject,id0267,remesh,id0267_GTready_remesh,id0478,down8k,id0478_GTready_down8k,0.31431350111961365,0.4307461380958557,0.0018843740690499544,0.001885468140244484,nan
clean,440,different_subject,id0267,remesh,id0267_GTready_remesh,id0489,down8k,id0489_GTready_down8k,0.29564979672431946,0.4357251822948456,0.003435577265918255,0.004454139620065689,nan
clean,441,different_subject,id0267,up60k,id0267_GTready_up60k,id0456,crop,id0456_GTready_crop,0.5707484483718872,0.6578235626220703,0.02155393548309803,0.021512985229492188,nan
clean,442,different_subject,id0267,up60k,id0267_GTready_up60k,id0478,crop,id0478_GTready_crop,0.31431350111961365,0.5717290639877319,0.017185652628540993,0.011957399547100067,nan
clean,443,different_subject,id0267,up60k,id0267_GTready_up60k,id0489,remesh,id0489_GTready_remesh,0.29564979672431946,0.4445186257362366,0.0013895232696086168,0.0018751713214442134,nan
clean,444,different_subject,id0456,crop,id0456_GTready_crop,id0489,original,id0489_GTready_original,0.6627958416938782,0.69748455286026,0.01958637125790119,0.018742799758911133,nan
clean,445,different_subject,id0456,crop,id0456_GTready_crop,id0489,remesh,id0489_GTready_remesh,0.6627958416938782,0.7486302852630615,0.01805691048502922,0.014130380004644394,nan
clean,446,different_subject,id0456,crop,id0456_GTready_crop,id0489,up60k,id0489_GTready_up60k,0.6627958416938782,0.7353755831718445,0.024121910333633423,0.018137630075216293,nan
clean,447,different_subject,id0456,down8k,id0456_GTready_down8k,id0489,noisy,id0489_GTready_noisy,0.6627958416938782,0.6657199859619141,0.005580140743404627,0.0048593273386359215,nan
clean,448,different_subject,id0456,down8k,id0456_GTready_down8k,id0489,original,id0489_GTready_original,0.6627958416938782,0.6614053845405579,0.00535391503944993,0.009771806187927723,nan
clean,449,different_subject,id0456,noisy,id0456_GTready_noisy,id0478,remesh,id0478_GTready_remesh,0.3831659257411957,0.3936570882797241,0.0032464833930134773,0.003930102568119764,nan
clean,450,different_subject,id0456,noisy,id0456_GTready_noisy,id0489,original,id0489_GTready_original,0.6627958416938782,0.6881496906280518,0.008743362501263618,0.014119166880846024,nan
clean,451,different_subject,id0456,noisy,id0456_GTready_noisy,id0489,remesh,id0489_GTready_remesh,0.6627958416938782,0.7437990307807922,0.00854936521500349,0.010620152577757835,nan
clean,452,different_subject,id0456,original,id0456_GTready_original,id0485,noisy,id0485_GTready_noisy,0.5342631936073303,0.5106013417243958,0.0063040172681212425,0.006740459240972996,nan
clean,453,different_subject,id0456,original,id0456_GTready_original,id0485,remesh,id0485_GTready_remesh,0.5342631936073303,0.6171024441719055,0.0075966063886880875,0.003770799608901143,nan
clean,454,different_subject,id0456,original,id0456_GTready_original,id0485,up60k,id0485_GTready_up60k,0.5342631936073303,0.5857171416282654,0.009667778387665749,0.008224128745496273,nan
clean,455,different_subject,id0456,original,id0456_GTready_original,id0489,crop,id0489_GTready_crop,0.6627958416938782,0.6559142470359802,0.0027437047101557255,0.0023009595461189747,nan
clean,456,different_subject,id0456,remesh,id0456_GTready_remesh,id0485,noisy,id0485_GTready_noisy,0.5342631936073303,0.47441723942756653,0.00703085120767355,0.009397678077220917,nan
clean,457,different_subject,id0456,up60k,id0456_GTready_up60k,id0478,noisy,id0478_GTready_noisy,0.3831659257411957,0.3244849741458893,0.0016025627264752984,0.0017238312866538763,nan
clean,458,different_subject,id0456,up60k,id0456_GTready_up60k,id0485,noisy,id0485_GTready_noisy,0.5342631936073303,0.4646097719669342,0.0036950563080608845,0.012514883652329445,nan
clean,459,different_subject,id0456,up60k,id0456_GTready_up60k,id0485,original,id0485_GTready_original,0.5342631936073303,0.49161282181739807,0.003940860740840435,0.0034620959777384996,nan
clean,460,different_subject,id0456,up60k,id0456_GTready_up60k,id0489,crop,id0489_GTready_crop,0.6627958416938782,0.6132509708404541,0.002740279072895646,0.0026016654446721077,nan
clean,461,different_subject,id0456,up60k,id0456_GTready_up60k,id0489,noisy,id0489_GTready_noisy,0.6627958416938782,0.6693673133850098,0.0073737334460020065,0.009668266400694847,nan
clean,462,different_subject,id0478,crop,id0478_GTready_crop,id0485,noisy,id0485_GTready_noisy,0.31567415595054626,0.4454621374607086,0.010529405437409878,0.0120043084025383,nan
clean,463,different_subject,id0478,crop,id0478_GTready_crop,id0485,remesh,id0485_GTready_remesh,0.31567415595054626,0.508184015750885,0.011829180642962456,0.008542629890143871,nan
clean,464,different_subject,id0478,down8k,id0478_GTready_down8k,id0485,noisy,id0485_GTready_noisy,0.31567415595054626,0.3432157635688782,0.0011305384105071425,0.0012030069483444095,nan
clean,465,different_subject,id0478,down8k,id0478_GTready_down8k,id0485,remesh,id0485_GTready_remesh,0.31567415595054626,0.4101755619049072,0.0018437462858855724,0.0020041046664118767,nan
clean,466,different_subject,id0478,noisy,id0478_GTready_noisy,id0485,down8k,id0485_GTready_down8k,0.31567415595054626,0.4708680510520935,0.0038494006730616093,0.0016390890814363956,nan
clean,467,different_subject,id0478,noisy,id0478_GTready_noisy,id0485,remesh,id0485_GTready_remesh,0.31567415595054626,0.4966599643230438,0.0021498282440006733,0.0011996920220553875,nan
clean,468,different_subject,id0478,noisy,id0478_GTready_noisy,id0489,original,id0489_GTready_original,0.41138824820518494,0.5482292175292969,0.0031352383084595203,0.0038215788081288338,nan
clean,469,different_subject,id0478,noisy,id0478_GTready_noisy,id0489,up60k,id0489_GTready_up60k,0.41138824820518494,0.5878242254257202,0.005236919037997723,0.002792708808556199,nan
clean,470,different_subject,id0478,original,id0478_GTready_original,id0485,up60k,id0485_GTready_up60k,0.31567415595054626,0.4254316985607147,0.0032211518846452236,0.0018373586935922503,nan
clean,471,different_subject,id0478,remesh,id0478_GTready_remesh,id0485,crop,id0485_GTready_crop,0.31567415595054626,0.42427802085876465,0.004693919792771339,0.0024197676684707403,nan
clean,472,different_subject,id0478,remesh,id0478_GTready_remesh,id0485,down8k,id0485_GTready_down8k,0.31567415595054626,0.40119561553001404,0.0045305402018129826,0.0029400645289570093,nan
clean,473,different_subject,id0478,up60k,id0478_GTready_up60k,id0489,remesh,id0489_GTready_remesh,0.41138824820518494,0.5037480592727661,0.0018981199245899916,0.002157687209546566,nan
clean,474,different_subject,id0485,down8k,id0485_GTready_down8k,id0489,crop,id0489_GTready_crop,0.22589462995529175,0.3219069838523865,0.010556641034781933,0.01182741578668356,nan
clean,475,different_subject,id0485,down8k,id0485_GTready_down8k,id0489,up60k,id0489_GTready_up60k,0.22589462995529175,0.3119713366031647,0.0010266402969136834,0.0009940966265276074,nan
clean,476,different_subject,id0485,noisy,id0485_GTready_noisy,id0489,original,id0489_GTready_original,0.22589462995529175,0.3260290324687958,0.0008960907580330968,0.0009687218116596341,nan
clean,477,different_subject,id0485,original,id0485_GTready_original,id0489,noisy,id0489_GTready_noisy,0.22589462995529175,0.32985103130340576,0.00147874909453094,0.0009694649488665164,nan
clean,478,different_subject,id0485,remesh,id0485_GTready_remesh,id0489,original,id0489_GTready_original,0.22589462995529175,0.28085121512413025,0.0017111279303207994,0.0019223515409976244,nan
clean,479,different_subject,id0485,up60k,id0485_GTready_up60k,id0489,remesh,id0489_GTready_remesh,0.22589462995529175,0.3238357603549957,0.0010856539011001587,0.001403661211952567,nan
