scenario,sample_name,subject_id,topology_label,template_sample_name,rotation_angle_deg,rotation_axis_x,rotation_axis_y,rotation_axis_z,translation_x,translation_y,translation_z,translation_norm
clean,id0478_GTready_crop,id0478,crop,id0478_GTready_original,2.8543392149495688,0.3602618223587815,-0.13377029534417678,0.9232101209552793,0.010507303290069103,-0.012126842513680458,0.013917659409344196,0.021240644416203852
clean,id0478_GTready_down8k,id0478,down8k,id0478_GTready_original,3.032800437496742,-0.0905297946683701,-0.0941018133075165,0.9914379481387325,-0.010301230475306511,0.03007850982248783,-0.015083701349794865,0.03519019961376582
clean,id0478_GTready_noisy,id0478,noisy,id0478_GTready_original,1.062936455131831,-0.5943659805186997,0.7694011048397768,0.23398936102604231,-0.011020519770681858,-0.0031988341361284256,-0.0031357440166175365,0.011896103832104144
clean,id0478_GTready_original,id0478,original,id0478_GTready_original,2.8400731792291976,-0.1610935407866718,0.679959966766157,0.7153344076109994,-0.012677071616053581,-0.030138535425066948,-0.004589528776705265,0.03301671147644435
clean,id0478_GTready_remesh,id0478,remesh,id0478_GTready_original,1.4451650550749018,0.8760685541720539,0.276281890433488,-0.39518629203122063,-0.0008296326268464327,-0.007117078173905611,-0.00997474417090416,0.012281555817729212
clean,id0478_GTready_up60k,id0478,up60k,id0478_GTready_original,2.2721057310751553,-0.4504191743758233,-0.04531454888302104,0.8916665066122704,-0.004563842434436083,-0.0038384469226002693,-0.010008135810494423,0.01165011222887058
clean,id0485_GTready_crop,id0485,crop,id0478_GTready_original,2.1746138592736823,-0.7469768648928689,0.022931013531008012,0.6644544618958184,-0.0049000149592757225,0.021710282191634178,0.018554195761680603,0.02897593276849393
clean,id0485_GTready_down8k,id0485,down8k,id0478_GTready_original,4.513883011326357,0.8454018462097739,-0.533517408751368,0.025590876974650966,-0.002111241454258561,-0.016259847208857536,-0.003894585184752941,0.016852529943449712
clean,id0485_GTready_noisy,id0485,noisy,id0478_GTready_original,4.6883034384089735,-0.8017662251950656,0.3135549097114877,0.5087771995011925,-0.0017821835353970528,0.04331649839878082,0.007055683061480522,0.04392354579436279
clean,id0485_GTready_original,id0485,original,id0478_GTready_original,4.306320871411501,-0.7723722648378549,-0.43197669268312733,-0.46565783735248095,0.022201398387551308,0.025817183777689934,-0.01413800846785307,0.03686885341329273
clean,id0485_GTready_remesh,id0485,remesh,id0478_GTready_original,3.1852441773816595,-0.8660062554068417,-0.43306400463667016,0.2499774659529743,0.01582091860473156,0.0029539475217461586,-0.02557949721813202,0.030221481588287413
clean,id0485_GTready_up60k,id0485,up60k,id0478_GTready_original,3.4793029497345973,-0.9288417831758716,-0.37033443484817186,0.010263926751124646,0.020245540887117386,0.005869708955287933,-0.03218913823366165,0.038476954521603025
clean,id0489_GTready_crop,id0489,crop,id0478_GTready_original,1.9619915052502592,0.9566381608369862,-0.14389544146808722,0.25325388675227267,-0.009744279086589813,-0.0012281188974156976,0.020769983530044556,0.02297501831951094
clean,id0489_GTready_down8k,id0489,down8k,id0478_GTready_original,4.63214643532419,-0.47251689019147697,0.5623393142904993,-0.6786031860277895,0.02867000363767147,0.0013139531947672367,-0.024758026003837585,0.03790323776656596
clean,id0489_GTready_noisy,id0489,noisy,id0478_GTready_original,2.9781197073713646,-0.2091868400296655,-0.6317866084782305,0.7463823063993266,0.008211221545934677,0.008659111335873604,-0.00286254589445889,0.01227185957389344
clean,id0489_GTready_original,id0489,original,id0478_GTready_original,3.842392531241027,-0.7010763503594455,0.7120101838128888,-0.03915927876527074,-0.0016124715330079198,0.01748279482126236,-0.010269620455801487,0.020339943055803653
clean,id0489_GTready_remesh,id0489,remesh,id0478_GTready_original,4.299880533578571,-0.3149286919521973,0.9490044503243805,-0.014507661761921174,0.005563068203628063,0.0054568215273320675,-0.013501523062586784,0.015588962570643855
clean,id0489_GTready_up60k,id0489,up60k,id0478_GTready_original,4.775139868534689,-0.49202566904812567,0.870031251073041,0.030925121730130754,0.014242363162338734,0.012246035039424896,-0.016748817637562752,0.02516611163630764
translation,id0478_GTready_crop,id0478,crop,id0478_GTready_original,2.8543392149495688,0.36026171682267993,-0.13377046146867838,0.9232101380674022,0.017603052780032158,-0.01323491521179676,0.009624039754271507,0.024034404278696936
translation,id0478_GTready_down8k,id0478,down8k,id0478_GTready_original,3.032800437496742,-0.09052985509851902,-0.09410189129394395,0.9914379352187125,-0.008342943154275417,0.025972586125135422,-0.011368206702172756,0.0295536132160921
translation,id0478_GTready_noisy,id0478,noisy,id0478_GTready_original,1.156821530472989,0.5211755249073642,0.7219369654872321,0.4551736922325592,-0.015074514783918858,-0.009294985793530941,-0.0029435146134346724,0.017952772352815977
translation,id0478_GTready_original,id0478,original,id0478_GTready_original,2.8400731792291976,-0.16109358521048406,0.6799598452319849,0.7153345131308342,-0.012363770045340061,-0.0259922593832016,-0.006081637926399708,0.029418475104014196
translation,id0478_GTready_remesh,id0478,remesh,id0478_GTready_original,1.9739252324174699,0.9774147161512793,-0.017686874359705954,-0.21058881054390857,-0.01271028257906437,-0.011146132834255695,-0.0053584701381623745,0.01773416935241451
translation,id0478_GTready_up60k,id0478,up60k,id0478_GTready_original,2.2721057310751553,-0.4504191948091542,-0.045314464888565414,0.8916665005591139,-0.006249450147151947,-0.005503103137016296,-0.0063962810672819614,0.010500103940916288
translation,id0485_GTready_crop,id0485,crop,id0478_GTready_original,2.1746138592736823,-0.7469767790976817,0.02293111979998601,0.6644545546789276,0.004756792448461056,0.02038743533194065,0.025682881474494934,0.03313434765684626
translation,id0485_GTready_down8k,id0485,down8k,id0478_GTready_original,4.513883011326357,0.8454018800584663,-0.5335173591104824,0.02559079368420016,-0.004401567857712507,-0.016643313691020012,-0.0022759605199098587,0.01736530122145684
translation,id0485_GTready_noisy,id0485,noisy,id0478_GTready_original,4.588319563702372,-0.9019526936024472,0.2764899257351723,0.33171472603767416,0.0034864824265241623,0.03679082915186882,0.009557928889989853,0.038171647515643926
translation,id0485_GTready_original,id0485,original,id0478_GTready_original,4.306320871411501,-0.7723722931298606,-0.4319766559530785,-0.4656578244987583,0.0192458163946867,0.020055662840604782,-0.010237416252493858,0.029621542029422306
translation,id0485_GTready_remesh,id0485,remesh,id0478_GTready_original,3.5517881559910283,-0.7605564008739056,-0.46749960222091763,0.45055308567694297,0.027839723974466324,0.011789970099925995,-0.02682061307132244,0.040415330153955396
translation,id0485_GTready_up60k,id0485,up60k,id0478_GTready_original,5.269329952335148,-0.8636955318084173,0.44561308687845635,0.23549735696357302,-0.005392713472247124,0.02175738476216793,-0.03180224820971489,0.03890820146800783
translation,id0489_GTready_crop,id0489,crop,id0478_GTready_original,1.9619915052502592,0.9566381878828705,-0.1438952265343142,0.2532539067118536,-0.013562224805355072,-0.0011034042108803988,0.014138373546302319,0.01962256479307326
translation,id0489_GTready_down8k,id0489,down8k,id0478_GTready_original,4.664867685753271,-0.5168053729209479,0.4814530878142689,-0.7078948585447884,0.032224830240011215,-0.005122201982885599,-0.02936938963830471,0.04390031531637989
translation,id0489_GTready_noisy,id0489,noisy,id0478_GTready_original,2.9781197073713646,-0.20918682469966074,-0.6317865270511219,0.7463823796210327,0.0023976722732186317,0.01642877422273159,0.004102022387087345,0.01710204790238342
translation,id0489_GTready_original,id0489,original,id0478_GTready_original,3.842392531241027,-0.7010763771791253,0.7120101554595526,-0.039159314139251444,-0.006536729168146849,0.011640878394246101,-0.011896669864654541,0.01788210367590757
translation,id0489_GTready_remesh,id0489,remesh,id0478_GTready_original,3.7059423315895477,-0.3232052253614027,0.9460335512767377,0.023641111602647504,-0.001657269080169499,0.013806886039674282,-0.012441907078027725,0.018659520215024684
translation,id0489_GTready_up60k,id0489,up60k,id0478_GTready_original,6.112327408542863,-0.676049648657564,0.6479754159057003,0.3508343383020243,0.004030214156955481,-0.002832084661349654,-0.03901989385485649,0.03932957470052586
rotation,id0478_GTready_crop,id0478,crop,id0478_GTready_original,2.969364454152677,0.3984540793705854,-0.09051552041831953,0.9127109549010245,0.010507306084036827,-0.012126844376325607,0.01391766220331192,0.02124064869246593
rotation,id0478_GTready_down8k,id0478,down8k,id0478_GTready_original,4.075709381922288,-0.2032856415930498,-0.340946039285164,0.9178402618200301,-0.010301228612661362,0.03007850982248783,-0.015083701349794865,0.035190199068513575
rotation,id0478_GTready_noisy,id0478,noisy,id0478_GTready_original,0.18130822512890998,0.6439074138449067,-0.0023671898014161054,-0.7650997574225261,-0.010319440625607967,-0.005487408954650164,-0.0021234953310340643,0.011879046438243536
rotation,id0478_GTready_original,id0478,original,id0478_GTready_original,2.921747057446217,-0.03717762963831048,0.7285223479602687,0.6840124358350028,-0.012677070684731007,-0.0301385335624218,-0.004589529242366552,0.03301670948331207
rotation,id0478_GTready_remesh,id0478,remesh,id0478_GTready_original,0.9389946943260252,0.9316182315195514,0.32086689947677344,0.1706807063512031,-0.0007976428023539484,-0.008318571373820305,-0.008990504778921604,0.012274528093629583
rotation,id0478_GTready_up60k,id0478,up60k,id0478_GTready_original,2.5250697020331976,-0.6899813039511111,-0.30162207565978505,0.6579893036156493,-0.007436562329530716,-0.007470729760825634,-0.010121744126081467,0.014613827924063764
rotation,id0485_GTready_crop,id0485,crop,id0478_GTready_original,2.5872100064800416,-0.8098760519003584,-0.0474982371565584,0.5846748652245172,-0.004900012630969286,0.02171027846634388,0.018554195761680603,0.02897592958358057
rotation,id0485_GTready_down8k,id0485,down8k,id0478_GTready_original,3.824693383431059,0.8261162925950785,-0.5560246554069205,-0.09147925277667192,-0.011123308911919594,-0.0038777440786361694,-0.011946533806622028,0.01677750190827439
rotation,id0485_GTready_noisy,id0485,noisy,id0478_GTready_original,5.39345028918882,-0.8458929200503001,0.08882396528014737,0.5259044314328295,-0.0006468440988101065,0.043346960097551346,0.008453590795397758,0.044168320709790494
rotation,id0485_GTready_original,id0485,original,id0478_GTready_original,4.66923280983909,-0.783068559080802,-0.414159321104298,-0.46397811211472423,0.024767225608229637,0.02487635426223278,-0.013166733086109161,0.03749148337782722
rotation,id0485_GTready_remesh,id0485,remesh,id0478_GTready_original,2.6584433658089592,-0.8267654093389711,-0.49771946357285474,0.2621722592138866,0.016759375110268593,0.004137513227760792,-0.025233827531337738,0.03057354610897932
rotation,id0485_GTready_up60k,id0485,up60k,id0478_GTready_original,4.511539156499198,-0.9128306010161988,-0.4052135337139252,0.05042108629808538,0.015632610768079758,-0.0051566679030656815,-0.031680066138505936,0.03570148923825029
rotation,id0489_GTready_crop,id0489,crop,id0478_GTready_original,1.110827107831315,0.6788846512137339,-0.6624852829330429,0.31658945061946275,-0.009744279086589813,-0.001228113193064928,0.020769985392689705,0.02297501969846545
rotation,id0489_GTready_down8k,id0489,down8k,id0478_GTready_original,2.3532663350616714,-0.5477610105502412,0.7785668918310052,0.306253931020626,-0.0041013979353010654,0.0006737424992024899,-0.02065335027873516,0.021067422047204853
rotation,id0489_GTready_noisy,id0489,noisy,id0478_GTready_original,2.9546595555218302,-0.017965344728187532,-0.7742538994752861,0.6326200641270485,0.00821121595799923,0.008659104816615582,-0.0028625447303056717,0.012271850963364783
rotation,id0489_GTready_original,id0489,original,id0478_GTready_original,5.12678746686647,-0.7159896859396995,0.6901065184735028,0.10541234647019117,-0.0016124804969877005,0.01748279109597206,-0.010269620455801487,0.020339940564435825
rotation,id0489_GTready_remesh,id0489,remesh,id0478_GTready_original,3.60225624071935,-0.45837670739357056,0.8776153928842659,0.14029260954029169,0.005965454038232565,0.0058641196228563786,-0.01581757329404354,0.017893299465047634
rotation,id0489_GTready_up60k,id0489,up60k,id0478_GTready_original,4.854621100567659,-0.7893116551906755,-0.25058387023222484,0.5605308510328363,-0.008240215480327606,-0.0005208679940551519,-0.03912782669067383,0.03998948957119694
mixed,id0478_GTready_crop,id0478,crop,id0478_GTready_original,0.9138596313478599,-0.01905997836826395,0.990163966221858,0.13860749337752523,-0.0018999928142875433,0.0011687312508001924,0.0027355479542165995,0.003529749005348667
mixed,id0478_GTready_down8k,id0478,down8k,id0478_GTready_original,1.3523392519992994,-0.48858357371410266,-0.8277403647384469,0.27592024224296935,-0.0016682615969330072,0.004060729872435331,-0.00015806450392119586,0.004392904305819782
mixed,id0478_GTready_noisy,id0478,noisy,id0478_GTready_original,2.344850939009859,-0.3561588653520351,0.3968841689024248,-0.8459514283372199,-0.02457297034561634,0.004594049882143736,-0.013312493450939655,0.02832240540292219
mixed,id0478_GTready_original,id0478,original,id0478_GTready_original,3.452810172462607,-0.52314847430278,-0.10825103050241067,0.845338623410666,0.011565819382667542,0.010465646162629128,-0.021200425922870636,0.026320258108631214
mixed,id0478_GTready_remesh,id0478,remesh,id0478_GTready_original,1.5571456201628495,-0.8984811861892896,-0.3975813805218322,0.18617358546861904,0.005721657071262598,-0.026498936116695404,-0.02116622030735016,0.03439389272904589
mixed,id0478_GTready_up60k,id0478,up60k,id0478_GTready_original,4.615200338398242,0.24777792215494943,-0.9012439220398274,0.35547924591858443,0.022357724606990814,-9.684214455774054e-05,-0.030873000621795654,0.03811849151522657
mixed,id0485_GTready_crop,id0485,crop,id0478_GTready_original,2.73416175966861,0.09454404144852087,0.3997002266131277,-0.9117571787882971,-0.01325082965195179,-0.00011165115574840456,0.027048200368881226,0.03011979574367614
mixed,id0485_GTready_down8k,id0485,down8k,id0478_GTready_original,1.9825816417591902,-0.7089102998859783,-0.5199435407826147,-0.47655524455618975,0.00728711299598217,0.006907643750309944,-0.008241948671638966,0.012990276205814085
mixed,id0485_GTready_noisy,id0485,noisy,id0478_GTready_original,2.9087538050701536,0.5495337769592005,0.052979592674093454,0.8337900159758709,-0.004659769590944052,-0.0031815231777727604,-0.017848536372184753,0.01871912906629457
mixed,id0485_GTready_original,id0485,original,id0478_GTready_original,2.5148945893377466,-0.3427145832721384,0.9245618978267001,-0.16652931123287343,0.0005915864603593946,0.00021157911396585405,-0.0009898630669340491,0.0011724202117104666
mixed,id0485_GTready_remesh,id0485,remesh,id0478_GTready_original,1.1317688735219156,-0.5925365562079575,-0.6693404890111079,-0.4482005570362278,-0.004146069288253784,-0.005463803187012672,0.0007889528060331941,0.006904019288759174
mixed,id0485_GTready_up60k,id0485,up60k,id0478_GTready_original,3.541436966215981,0.9022436767830635,0.42442355679606697,-0.07629542674075915,-0.017381496727466583,-0.009162204340100288,0.019373413175344467,0.027593324462980077
mixed,id0489_GTready_crop,id0489,crop,id0478_GTready_original,3.6332412109496306,-0.9004600434957575,0.046378474012708865,-0.4324589543712457,-0.012447119690477848,0.010554795153439045,0.0036626807413995266,0.016725720299394006
mixed,id0489_GTready_down8k,id0489,down8k,id0478_GTready_original,2.3832666010732533,0.8379559239245953,-0.3435899907266994,0.42399974980193633,-0.01696581020951271,0.0008382787345908582,-0.006765489000827074,0.01828423552469135
mixed,id0489_GTready_noisy,id0489,noisy,id0478_GTready_original,1.482727496521133,-0.4293353934948045,-0.8577199751297582,0.2828207279462886,-0.0034499340690672398,-0.007213186006993055,-0.008472451940178871,0.011649658335377564
mixed,id0489_GTready_original,id0489,original,id0478_GTready_original,1.6556398115646465,-0.9370775287907691,0.09394004287233848,0.33624540648242096,0.003138102125376463,-0.006704386323690414,-0.010817687958478928,0.013107969091113975
mixed,id0489_GTready_remesh,id0489,remesh,id0478_GTready_original,2.3906874116771486,-0.976371769484728,-0.12202177791426835,-0.17835036716503253,0.013215006329119205,0.001212983625009656,-0.012194120325148106,0.018022327598215288
mixed,id0489_GTready_up60k,id0489,up60k,id0478_GTready_original,5.039989327412645,0.5522489147551838,0.6494253643959287,-0.5227502579922244,-0.0026806036476045847,-0.0005280189798213542,-0.018313396722078323,0.018516072463101663
