scenario,topology_a,topology_b,ordered_pair_label,ordered_topology_pairs,mesh_pair_level,latent_spearman,registered_chamfer_spearman,delta_spearman,latent_pearson,registered_chamfer_pearson,delta_pearson,model_beats_registered_chamfer,n_subjects,n_subject_pairs,n_mesh_pairs,n_observations,rigid_icp_seconds_mean,rigid_icp_seconds_median,nonrigid_cpd_seconds_mean,nonrigid_cpd_seconds_median,warp_seconds_mean,warp_seconds_median,registration_seconds_mean,registration_seconds_median,chamfer_seconds_mean,chamfer_seconds_median,total_pair_seconds_mean,total_pair_seconds_median,output_dir,output_json,output_csv,output_md
clean,crop,down8k,crop__to__down8k,1,1,0.676695,-0.090207,0.766902,0.702187,-0.009035,0.711222,1,100,4950,4950,4950,0.000635,0.000617,0.000000,0.000000,0.000050,0.000043,0.000635,0.000617,0.000560,0.000443,0.001244,0.001207,/deck/datasets/WBES-FaceEmbedding/checking_assumptions/outputs/full_meshpair_surrogate_gt_raw_vs_rigid/rigid_only_clean_translation/clean/crop__to__down8k,/deck/datasets/WBES-FaceEmbedding/checking_assumptions/outputs/full_meshpair_surrogate_gt_raw_vs_rigid/rigid_only_clean_translation/clean/crop__to__down8k/ranking_summary.json,/deck/datasets/WBES-FaceEmbedding/checking_assumptions/outputs/full_meshpair_surrogate_gt_raw_vs_rigid/rigid_only_clean_translation/clean/crop__to__down8k/ranking_summary.csv,/deck/datasets/WBES-FaceEmbedding/checking_assumptions/outputs/full_meshpair_surrogate_gt_raw_vs_rigid/rigid_only_clean_translation/clean/crop__to__down8k/ranking_summary.md
clean,crop,noisy,crop__to__noisy,1,1,0.734280,-0.061575,0.795856,0.761727,0.014598,0.747129,1,100,4950,4950,4950,0.000819,0.000810,0.000000,0.000000,0.000039,0.000037,0.000819,0.000810,0.007004,0.007089,0.007861,0.007936,/deck/datasets/WBES-FaceEmbedding/checking_assumptions/outputs/full_meshpair_surrogate_gt_raw_vs_rigid/rigid_only_clean_translation/clean/crop__to__noisy,/deck/datasets/WBES-FaceEmbedding/checking_assumptions/outputs/full_meshpair_surrogate_gt_raw_vs_rigid/rigid_only_clean_translation/clean/crop__to__noisy/ranking_summary.json,/deck/datasets/WBES-FaceEmbedding/checking_assumptions/outputs/full_meshpair_surrogate_gt_raw_vs_rigid/rigid_only_clean_translation/clean/crop__to__noisy/ranking_summary.csv,/deck/datasets/WBES-FaceEmbedding/checking_assumptions/outputs/full_meshpair_surrogate_gt_raw_vs_rigid/rigid_only_clean_translation/clean/crop__to__noisy/ranking_summary.md
clean,crop,original,crop__to__original,1,1,0.759643,-0.046927,0.806570,0.785913,0.058955,0.726957,1,100,4950,4950,4950,0.000807,0.000799,0.000000,0.000000,0.000039,0.000037,0.000807,0.000799,0.007004,0.007089,0.007849,0.007924,/deck/datasets/WBES-FaceEmbedding/checking_assumptions/outputs/full_meshpair_surrogate_gt_raw_vs_rigid/rigid_only_clean_translation/clean/crop__to__original,/deck/datasets/WBES-FaceEmbedding/checking_assumptions/outputs/full_meshpair_surrogate_gt_raw_vs_rigid/rigid_only_clean_translation/clean/crop__to__original/ranking_summary.json,/deck/datasets/WBES-FaceEmbedding/checking_assumptions/outputs/full_meshpair_surrogate_gt_raw_vs_rigid/rigid_only_clean_translation/clean/crop__to__original/ranking_summary.csv,/deck/datasets/WBES-FaceEmbedding/checking_assumptions/outputs/full_meshpair_surrogate_gt_raw_vs_rigid/rigid_only_clean_translation/clean/crop__to__original/ranking_summary.md
clean,crop,remesh,crop__to__remesh,1,1,0.664726,0.001967,0.662760,0.685895,0.020594,0.665302,1,100,4950,4950,4950,0.000777,0.000774,0.000000,0.000000,0.000042,0.000038,0.000777,0.000774,0.003722,0.004237,0.004541,0.005034,/deck/datasets/WBES-FaceEmbedding/checking_assumptions/outputs/full_meshpair_surrogate_gt_raw_vs_rigid/rigid_only_clean_translation/clean/crop__to__remesh,/deck/datasets/WBES-FaceEmbedding/checking_assumptions/outputs/full_meshpair_surrogate_gt_raw_vs_rigid/rigid_only_clean_translation/clean/crop__to__remesh/ranking_summary.json,/deck/datasets/WBES-FaceEmbedding/checking_assumptions/outputs/full_meshpair_surrogate_gt_raw_vs_rigid/rigid_only_clean_translation/clean/crop__to__remesh/ranking_summary.csv,/deck/datasets/WBES-FaceEmbedding/checking_assumptions/outputs/full_meshpair_surrogate_gt_raw_vs_rigid/rigid_only_clean_translation/clean/crop__to__remesh/ranking_summary.md
clean,crop,up60k,crop__to__up60k,1,1,0.694730,-0.062507,0.757237,0.719626,-0.008357,0.727983,1,100,4950,4950,4950,0.000512,0.000504,0.000000,0.000000,0.000058,0.000052,0.000512,0.000504,0.026867,0.031662,0.027437,0.032370,/deck/datasets/WBES-FaceEmbedding/checking_assumptions/outputs/full_meshpair_surrogate_gt_raw_vs_rigid/rigid_only_clean_translation/clean/crop__to__up60k,/deck/datasets/WBES-FaceEmbedding/checking_assumptions/outputs/full_meshpair_surrogate_gt_raw_vs_rigid/rigid_only_clean_translation/clean/crop__to__up60k/ranking_summary.json,/deck/datasets/WBES-FaceEmbedding/checking_assumptions/outputs/full_meshpair_surrogate_gt_raw_vs_rigid/rigid_only_clean_translation/clean/crop__to__up60k/ranking_summary.csv,/deck/datasets/WBES-FaceEmbedding/checking_assumptions/outputs/full_meshpair_surrogate_gt_raw_vs_rigid/rigid_only_clean_translation/clean/crop__to__up60k/ranking_summary.md
clean,down8k,crop,down8k__to__crop,1,1,0.647715,-0.018894,0.666609,0.695198,0.041949,0.653249,1,100,4950,4950,4950,0.000588,0.000576,0.000000,0.000000,0.000052,0.000045,0.000588,0.000576,0.000579,0.000452,0.001218,0.001168,/deck/datasets/WBES-FaceEmbedding/checking_assumptions/outputs/full_meshpair_surrogate_gt_raw_vs_rigid/rigid_only_clean_translation/clean/down8k__to__crop,/deck/datasets/WBES-FaceEmbedding/checking_assumptions/outputs/full_meshpair_surrogate_gt_raw_vs_rigid/rigid_only_clean_translation/clean/down8k__to__crop/ranking_summary.json,/deck/datasets/WBES-FaceEmbedding/checking_assumptions/outputs/full_meshpair_surrogate_gt_raw_vs_rigid/rigid_only_clean_translation/clean/down8k__to__crop/ranking_summary.csv,/deck/datasets/WBES-FaceEmbedding/checking_assumptions/outputs/full_meshpair_surrogate_gt_raw_vs_rigid/rigid_only_clean_translation/clean/down8k__to__crop/ranking_summary.md
clean,down8k,noisy,down8k__to__noisy,1,1,0.784325,0.552383,0.231942,0.810266,0.268162,0.542104,1,100,4950,4950,4950,0.000907,0.000906,0.000000,0.000000,0.000040,0.000039,0.000907,0.000906,0.000444,0.000439,0.001391,0.001390,/deck/datasets/WBES-FaceEmbedding/checking_assumptions/outputs/full_meshpair_surrogate_gt_raw_vs_rigid/rigid_only_clean_translation/clean/down8k__to__noisy,/deck/datasets/WBES-FaceEmbedding/checking_assumptions/outputs/full_meshpair_surrogate_gt_raw_vs_rigid/rigid_only_clean_translation/clean/down8k__to__noisy/ranking_summary.json,/deck/datasets/WBES-FaceEmbedding/checking_assumptions/outputs/full_meshpair_surrogate_gt_raw_vs_rigid/rigid_only_clean_translation/clean/down8k__to__noisy/ranking_summary.csv,/deck/datasets/WBES-FaceEmbedding/checking_assumptions/outputs/full_meshpair_surrogate_gt_raw_vs_rigid/rigid_only_clean_translation/clean/down8k__to__noisy/ranking_summary.md
clean,down8k,original,down8k__to__original,1,1,0.773245,0.485701,0.287543,0.801978,0.507906,0.294072,1,100,4950,4950,4950,0.000900,0.000899,0.000000,0.000000,0.000040,0.000039,0.000900,0.000899,0.000444,0.000439,0.001384,0.001382,/deck/datasets/WBES-FaceEmbedding/checking_assumptions/outputs/full_meshpair_surrogate_gt_raw_vs_rigid/rigid_only_clean_translation/clean/down8k__to__original,/deck/datasets/WBES-FaceEmbedding/checking_assumptions/outputs/full_meshpair_surrogate_gt_raw_vs_rigid/rigid_only_clean_translation/clean/down8k__to__original/ranking_summary.json,/deck/datasets/WBES-FaceEmbedding/checking_assumptions/outputs/full_meshpair_surrogate_gt_raw_vs_rigid/rigid_only_clean_translation/clean/down8k__to__original/ranking_summary.csv,/deck/datasets/WBES-FaceEmbedding/checking_assumptions/outputs/full_meshpair_surrogate_gt_raw_vs_rigid/rigid_only_clean_translation/clean/down8k__to__original/ranking_summary.md
clean,down8k,remesh,down8k__to__remesh,1,1,0.796094,0.344321,0.451773,0.815293,0.464363,0.350930,1,100,4950,4950,4950,0.000814,0.000803,0.000000,0.000000,0.000041,0.000039,0.000814,0.000803,0.000358,0.000349,0.001212,0.001199,/deck/datasets/WBES-FaceEmbedding/checking_assumptions/outputs/full_meshpair_surrogate_gt_raw_vs_rigid/rigid_only_clean_translation/clean/down8k__to__remesh,/deck/datasets/WBES-FaceEmbedding/checking_assumptions/outputs/full_meshpair_surrogate_gt_raw_vs_rigid/rigid_only_clean_translation/clean/down8k__to__remesh/ranking_summary.json,/deck/datasets/WBES-FaceEmbedding/checking_assumptions/outputs/full_meshpair_surrogate_gt_raw_vs_rigid/rigid_only_clean_translation/clean/down8k__to__remesh/ranking_summary.csv,/deck/datasets/WBES-FaceEmbedding/checking_assumptions/outputs/full_meshpair_surrogate_gt_raw_vs_rigid/rigid_only_clean_translation/clean/down8k__to__remesh/ranking_summary.md
clean,down8k,up60k,down8k__to__up60k,1,1,0.807198,0.600151,0.207047,0.826370,0.650342,0.176028,1,100,4950,4950,4950,0.000757,0.000750,0.000000,0.000000,0.000044,0.000040,0.000757,0.000750,0.011649,0.012422,0.012450,0.013234,/deck/datasets/WBES-FaceEmbedding/checking_assumptions/outputs/full_meshpair_surrogate_gt_raw_vs_rigid/rigid_only_clean_translation/clean/down8k__to__up60k,/deck/datasets/WBES-FaceEmbedding/checking_assumptions/outputs/full_meshpair_surrogate_gt_raw_vs_rigid/rigid_only_clean_translation/clean/down8k__to__up60k/ranking_summary.json,/deck/datasets/WBES-FaceEmbedding/checking_assumptions/outputs/full_meshpair_surrogate_gt_raw_vs_rigid/rigid_only_clean_translation/clean/down8k__to__up60k/ranking_summary.csv,/deck/datasets/WBES-FaceEmbedding/checking_assumptions/outputs/full_meshpair_surrogate_gt_raw_vs_rigid/rigid_only_clean_translation/clean/down8k__to__up60k/ranking_summary.md
clean,noisy,crop,noisy__to__crop,1,1,0.714387,-0.003386,0.717773,0.749693,0.069997,0.679696,1,100,4950,4950,4950,0.000827,0.000825,0.000000,0.000000,0.000039,0.000037,0.000827,0.000825,0.007548,0.007624,0.008415,0.008485,/deck/datasets/WBES-FaceEmbedding/checking_assumptions/outputs/full_meshpair_surrogate_gt_raw_vs_rigid/rigid_only_clean_translation/clean/noisy__to__crop,/deck/datasets/WBES-FaceEmbedding/checking_assumptions/outputs/full_meshpair_surrogate_gt_raw_vs_rigid/rigid_only_clean_translation/clean/noisy__to__crop/ranking_summary.json,/deck/datasets/WBES-FaceEmbedding/checking_assumptions/outputs/full_meshpair_surrogate_gt_raw_vs_rigid/rigid_only_clean_translation/clean/noisy__to__crop/ranking_summary.csv,/deck/datasets/WBES-FaceEmbedding/checking_assumptions/outputs/full_meshpair_surrogate_gt_raw_vs_rigid/rigid_only_clean_translation/clean/noisy__to__crop/ranking_summary.md
clean,noisy,down8k,noisy__to__down8k,1,1,0.802200,0.510512,0.291687,0.818911,0.159785,0.659126,1,100,4950,4950,4950,0.000907,0.000906,0.000000,0.000000,0.000038,0.000037,0.000907,0.000906,0.000445,0.000440,0.001390,0.001387,/deck/datasets/WBES-FaceEmbedding/checking_assumptions/outputs/full_meshpair_surrogate_gt_raw_vs_rigid/rigid_only_clean_translation/clean/noisy__to__down8k,/deck/datasets/WBES-FaceEmbedding/checking_assumptions/outputs/full_meshpair_surrogate_gt_raw_vs_rigid/rigid_only_clean_translation/clean/noisy__to__down8k/ranking_summary.json,/deck/datasets/WBES-FaceEmbedding/checking_assumptions/outputs/full_meshpair_surrogate_gt_raw_vs_rigid/rigid_only_clean_translation/clean/noisy__to__down8k/ranking_summary.csv,/deck/datasets/WBES-FaceEmbedding/checking_assumptions/outputs/full_meshpair_surrogate_gt_raw_vs_rigid/rigid_only_clean_translation/clean/noisy__to__down8k/ranking_summary.md
clean,noisy,original,noisy__to__original,1,1,0.832441,0.716182,0.116259,0.850480,0.699426,0.151055,1,100,4950,4950,4950,0.000925,0.000929,0.000000,0.000000,0.000039,0.000038,0.000925,0.000929,0.009130,0.009131,0.010094,0.010099,/deck/datasets/WBES-FaceEmbedding/checking_assumptions/outputs/full_meshpair_surrogate_gt_raw_vs_rigid/rigid_only_clean_translation/clean/noisy__to__original,/deck/datasets/WBES-FaceEmbedding/checking_assumptions/outputs/full_meshpair_surrogate_gt_raw_vs_rigid/rigid_only_clean_translation/clean/noisy__to__original/ranking_summary.json,/deck/datasets/WBES-FaceEmbedding/checking_assumptions/outputs/full_meshpair_surrogate_gt_raw_vs_rigid/rigid_only_clean_translation/clean/noisy__to__original/ranking_summary.csv,/deck/datasets/WBES-FaceEmbedding/checking_assumptions/outputs/full_meshpair_surrogate_gt_raw_vs_rigid/rigid_only_clean_translation/clean/noisy__to__original/ranking_summary.md
clean,noisy,remesh,noisy__to__remesh,1,1,0.788333,0.550446,0.237887,0.802457,0.434576,0.367881,1,100,4950,4950,4950,0.000861,0.000862,0.000000,0.000000,0.000038,0.000037,0.000861,0.000862,0.005206,0.005211,0.006106,0.006111,/deck/datasets/WBES-FaceEmbedding/checking_assumptions/outputs/full_meshpair_surrogate_gt_raw_vs_rigid/rigid_only_clean_translation/clean/noisy__to__remesh,/deck/datasets/WBES-FaceEmbedding/checking_assumptions/outputs/full_meshpair_surrogate_gt_raw_vs_rigid/rigid_only_clean_translation/clean/noisy__to__remesh/ranking_summary.json,/deck/datasets/WBES-FaceEmbedding/checking_assumptions/outputs/full_meshpair_surrogate_gt_raw_vs_rigid/rigid_only_clean_translation/clean/noisy__to__remesh/ranking_summary.csv,/deck/datasets/WBES-FaceEmbedding/checking_assumptions/outputs/full_meshpair_surrogate_gt_raw_vs_rigid/rigid_only_clean_translation/clean/noisy__to__remesh/ranking_summary.md
clean,noisy,up60k,noisy__to__up60k,1,1,0.813201,0.667357,0.145844,0.828653,0.520732,0.307922,1,100,4950,4950,4950,0.000909,0.000906,0.000000,0.000000,0.000039,0.000038,0.000909,0.000906,0.048387,0.048500,0.049335,0.049434,/deck/datasets/WBES-FaceEmbedding/checking_assumptions/outputs/full_meshpair_surrogate_gt_raw_vs_rigid/rigid_only_clean_translation/clean/noisy__to__up60k,/deck/datasets/WBES-FaceEmbedding/checking_assumptions/outputs/full_meshpair_surrogate_gt_raw_vs_rigid/rigid_only_clean_translation/clean/noisy__to__up60k/ranking_summary.json,/deck/datasets/WBES-FaceEmbedding/checking_assumptions/outputs/full_meshpair_surrogate_gt_raw_vs_rigid/rigid_only_clean_translation/clean/noisy__to__up60k/ranking_summary.csv,/deck/datasets/WBES-FaceEmbedding/checking_assumptions/outputs/full_meshpair_surrogate_gt_raw_vs_rigid/rigid_only_clean_translation/clean/noisy__to__up60k/ranking_summary.md
clean,original,crop,original__to__crop,1,1,0.742565,0.012280,0.730285,0.774294,0.088304,0.685989,1,100,4950,4950,4950,0.000811,0.000802,0.000000,0.000000,0.000039,0.000037,0.000811,0.000802,0.007548,0.007624,0.008398,0.008468,/deck/datasets/WBES-FaceEmbedding/checking_assumptions/outputs/full_meshpair_surrogate_gt_raw_vs_rigid/rigid_only_clean_translation/clean/original__to__crop,/deck/datasets/WBES-FaceEmbedding/checking_assumptions/outputs/full_meshpair_surrogate_gt_raw_vs_rigid/rigid_only_clean_translation/clean/original__to__crop/ranking_summary.json,/deck/datasets/WBES-FaceEmbedding/checking_assumptions/outputs/full_meshpair_surrogate_gt_raw_vs_rigid/rigid_only_clean_translation/clean/original__to__crop/ranking_summary.csv,/deck/datasets/WBES-FaceEmbedding/checking_assumptions/outputs/full_meshpair_surrogate_gt_raw_vs_rigid/rigid_only_clean_translation/clean/original__to__crop/ranking_summary.md
clean,original,down8k,original__to__down8k,1,1,0.797868,0.445345,0.352523,0.815532,0.203336,0.612196,1,100,4950,4950,4950,0.000896,0.000886,0.000000,0.000000,0.000038,0.000037,0.000896,0.000886,0.000445,0.000439,0.001379,0.001370,/deck/datasets/WBES-FaceEmbedding/checking_assumptions/outputs/full_meshpair_surrogate_gt_raw_vs_rigid/rigid_only_clean_translation/clean/original__to__down8k,/deck/datasets/WBES-FaceEmbedding/checking_assumptions/outputs/full_meshpair_surrogate_gt_raw_vs_rigid/rigid_only_clean_translation/clean/original__to__down8k/ranking_summary.json,/deck/datasets/WBES-FaceEmbedding/checking_assumptions/outputs/full_meshpair_surrogate_gt_raw_vs_rigid/rigid_only_clean_translation/clean/original__to__down8k/ranking_summary.csv,/deck/datasets/WBES-FaceEmbedding/checking_assumptions/outputs/full_meshpair_surrogate_gt_raw_vs_rigid/rigid_only_clean_translation/clean/original__to__down8k/ranking_summary.md
clean,original,noisy,original__to__noisy,1,1,0.837935,0.715303,0.122632,0.854839,0.677635,0.177204,1,100,4950,4950,4950,0.000922,0.000927,0.000000,0.000000,0.000039,0.000037,0.000922,0.000927,0.009127,0.009131,0.010087,0.010098,/deck/datasets/WBES-FaceEmbedding/checking_assumptions/outputs/full_meshpair_surrogate_gt_raw_vs_rigid/rigid_only_clean_translation/clean/original__to__noisy,/deck/datasets/WBES-FaceEmbedding/checking_assumptions/outputs/full_meshpair_surrogate_gt_raw_vs_rigid/rigid_only_clean_translation/clean/original__to__noisy/ranking_summary.json,/deck/datasets/WBES-FaceEmbedding/checking_assumptions/outputs/full_meshpair_surrogate_gt_raw_vs_rigid/rigid_only_clean_translation/clean/original__to__noisy/ranking_summary.csv,/deck/datasets/WBES-FaceEmbedding/checking_assumptions/outputs/full_meshpair_surrogate_gt_raw_vs_rigid/rigid_only_clean_translation/clean/original__to__noisy/ranking_summary.md
clean,original,remesh,original__to__remesh,1,1,0.783039,0.589189,0.193851,0.797925,0.596582,0.201343,1,100,4950,4950,4950,0.000868,0.000866,0.000000,0.000000,0.000039,0.000037,0.000868,0.000866,0.005206,0.005211,0.006112,0.006115,/deck/datasets/WBES-FaceEmbedding/checking_assumptions/outputs/full_meshpair_surrogate_gt_raw_vs_rigid/rigid_only_clean_translation/clean/original__to__remesh,/deck/datasets/WBES-FaceEmbedding/checking_assumptions/outputs/full_meshpair_surrogate_gt_raw_vs_rigid/rigid_only_clean_translation/clean/original__to__remesh/ranking_summary.json,/deck/datasets/WBES-FaceEmbedding/checking_assumptions/outputs/full_meshpair_surrogate_gt_raw_vs_rigid/rigid_only_clean_translation/clean/original__to__remesh/ranking_summary.csv,/deck/datasets/WBES-FaceEmbedding/checking_assumptions/outputs/full_meshpair_surrogate_gt_raw_vs_rigid/rigid_only_clean_translation/clean/original__to__remesh/ranking_summary.md
clean,original,up60k,original__to__up60k,1,1,0.811467,0.654971,0.156497,0.827665,0.380468,0.447197,1,100,4950,4950,4950,0.000882,0.000877,0.000000,0.000000,0.000039,0.000038,0.000882,0.000877,0.048380,0.048500,0.049302,0.049407,/deck/datasets/WBES-FaceEmbedding/checking_assumptions/outputs/full_meshpair_surrogate_gt_raw_vs_rigid/rigid_only_clean_translation/clean/original__to__up60k,/deck/datasets/WBES-FaceEmbedding/checking_assumptions/outputs/full_meshpair_surrogate_gt_raw_vs_rigid/rigid_only_clean_translation/clean/original__to__up60k/ranking_summary.json,/deck/datasets/WBES-FaceEmbedding/checking_assumptions/outputs/full_meshpair_surrogate_gt_raw_vs_rigid/rigid_only_clean_translation/clean/original__to__up60k/ranking_summary.csv,/deck/datasets/WBES-FaceEmbedding/checking_assumptions/outputs/full_meshpair_surrogate_gt_raw_vs_rigid/rigid_only_clean_translation/clean/original__to__up60k/ranking_summary.md
clean,remesh,crop,remesh__to__crop,1,1,0.631949,0.067047,0.564903,0.677672,0.077861,0.599811,1,100,4950,4950,4950,0.000765,0.000761,0.000000,0.000000,0.000042,0.000038,0.000765,0.000761,0.002875,0.003344,0.003682,0.004109,/deck/datasets/WBES-FaceEmbedding/checking_assumptions/outputs/full_meshpair_surrogate_gt_raw_vs_rigid/rigid_only_clean_translation/clean/remesh__to__crop,/deck/datasets/WBES-FaceEmbedding/checking_assumptions/outputs/full_meshpair_surrogate_gt_raw_vs_rigid/rigid_only_clean_translation/clean/remesh__to__crop/ranking_summary.json,/deck/datasets/WBES-FaceEmbedding/checking_assumptions/outputs/full_meshpair_surrogate_gt_raw_vs_rigid/rigid_only_clean_translation/clean/remesh__to__crop/ranking_summary.csv,/deck/datasets/WBES-FaceEmbedding/checking_assumptions/outputs/full_meshpair_surrogate_gt_raw_vs_rigid/rigid_only_clean_translation/clean/remesh__to__crop/ranking_summary.md
clean,remesh,down8k,remesh__to__down8k,1,1,0.787238,0.279181,0.508057,0.810487,0.350708,0.459778,1,100,4950,4950,4950,0.000832,0.000818,0.000000,0.000000,0.000038,0.000037,0.000832,0.000818,0.000356,0.000349,0.001227,0.001212,/deck/datasets/WBES-FaceEmbedding/checking_assumptions/outputs/full_meshpair_surrogate_gt_raw_vs_rigid/rigid_only_clean_translation/clean/remesh__to__down8k,/deck/datasets/WBES-FaceEmbedding/checking_assumptions/outputs/full_meshpair_surrogate_gt_raw_vs_rigid/rigid_only_clean_translation/clean/remesh__to__down8k/ranking_summary.json,/deck/datasets/WBES-FaceEmbedding/checking_assumptions/outputs/full_meshpair_surrogate_gt_raw_vs_rigid/rigid_only_clean_translation/clean/remesh__to__down8k/ranking_summary.csv,/deck/datasets/WBES-FaceEmbedding/checking_assumptions/outputs/full_meshpair_surrogate_gt_raw_vs_rigid/rigid_only_clean_translation/clean/remesh__to__down8k/ranking_summary.md
clean,remesh,noisy,remesh__to__noisy,1,1,0.761023,0.537867,0.223156,0.788651,0.581301,0.207350,1,100,4950,4950,4950,0.000864,0.000868,0.000000,0.000000,0.000038,0.000037,0.000864,0.000868,0.003704,0.003708,0.004607,0.004614,/deck/datasets/WBES-FaceEmbedding/checking_assumptions/outputs/full_meshpair_surrogate_gt_raw_vs_rigid/rigid_only_clean_translation/clean/remesh__to__noisy,/deck/datasets/WBES-FaceEmbedding/checking_assumptions/outputs/full_meshpair_surrogate_gt_raw_vs_rigid/rigid_only_clean_translation/clean/remesh__to__noisy/ranking_summary.json,/deck/datasets/WBES-FaceEmbedding/checking_assumptions/outputs/full_meshpair_surrogate_gt_raw_vs_rigid/rigid_only_clean_translation/clean/remesh__to__noisy/ranking_summary.csv,/deck/datasets/WBES-FaceEmbedding/checking_assumptions/outputs/full_meshpair_surrogate_gt_raw_vs_rigid/rigid_only_clean_translation/clean/remesh__to__noisy/ranking_summary.md
clean,remesh,original,remesh__to__original,1,1,0.749569,0.588306,0.161263,0.779646,0.599723,0.179923,1,100,4950,4950,4950,0.000854,0.000849,0.000000,0.000000,0.000038,0.000037,0.000854,0.000849,0.003704,0.003708,0.004596,0.004595,/deck/datasets/WBES-FaceEmbedding/checking_assumptions/outputs/full_meshpair_surrogate_gt_raw_vs_rigid/rigid_only_clean_translation/clean/remesh__to__original,/deck/datasets/WBES-FaceEmbedding/checking_assumptions/outputs/full_meshpair_surrogate_gt_raw_vs_rigid/rigid_only_clean_translation/clean/remesh__to__original/ranking_summary.json,/deck/datasets/WBES-FaceEmbedding/checking_assumptions/outputs/full_meshpair_surrogate_gt_raw_vs_rigid/rigid_only_clean_translation/clean/remesh__to__original/ranking_summary.csv,/deck/datasets/WBES-FaceEmbedding/checking_assumptions/outputs/full_meshpair_surrogate_gt_raw_vs_rigid/rigid_only_clean_translation/clean/remesh__to__original/ranking_summary.md
clean,remesh,up60k,remesh__to__up60k,1,1,0.794828,0.496002,0.298826,0.815008,0.528731,0.286277,1,100,4950,4950,4950,0.000846,0.000841,0.000000,0.000000,0.000040,0.000038,0.000846,0.000841,0.032785,0.033463,0.033671,0.034347,/deck/datasets/WBES-FaceEmbedding/checking_assumptions/outputs/full_meshpair_surrogate_gt_raw_vs_rigid/rigid_only_clean_translation/clean/remesh__to__up60k,/deck/datasets/WBES-FaceEmbedding/checking_assumptions/outputs/full_meshpair_surrogate_gt_raw_vs_rigid/rigid_only_clean_translation/clean/remesh__to__up60k/ranking_summary.json,/deck/datasets/WBES-FaceEmbedding/checking_assumptions/outputs/full_meshpair_surrogate_gt_raw_vs_rigid/rigid_only_clean_translation/clean/remesh__to__up60k/ranking_summary.csv,/deck/datasets/WBES-FaceEmbedding/checking_assumptions/outputs/full_meshpair_surrogate_gt_raw_vs_rigid/rigid_only_clean_translation/clean/remesh__to__up60k/ranking_summary.md
clean,up60k,crop,up60k__to__crop,1,1,0.663874,-0.005284,0.669159,0.709720,0.084287,0.625433,1,100,4950,4950,4950,0.000496,0.000485,0.000000,0.000000,0.000061,0.000054,0.000496,0.000485,0.034470,0.039074,0.035027,0.039702,/deck/datasets/WBES-FaceEmbedding/checking_assumptions/outputs/full_meshpair_surrogate_gt_raw_vs_rigid/rigid_only_clean_translation/clean/up60k__to__crop,/deck/datasets/WBES-FaceEmbedding/checking_assumptions/outputs/full_meshpair_surrogate_gt_raw_vs_rigid/rigid_only_clean_translation/clean/up60k__to__crop/ranking_summary.json,/deck/datasets/WBES-FaceEmbedding/checking_assumptions/outputs/full_meshpair_surrogate_gt_raw_vs_rigid/rigid_only_clean_translation/clean/up60k__to__crop/ranking_summary.csv,/deck/datasets/WBES-FaceEmbedding/checking_assumptions/outputs/full_meshpair_surrogate_gt_raw_vs_rigid/rigid_only_clean_translation/clean/up60k__to__crop/ranking_summary.md
clean,up60k,down8k,up60k__to__down8k,1,1,0.810446,0.606811,0.203634,0.831238,0.616688,0.214550,1,100,4950,4950,4950,0.000801,0.000797,0.000000,0.000000,0.000043,0.000039,0.000801,0.000797,0.012920,0.013616,0.013765,0.014445,/deck/datasets/WBES-FaceEmbedding/checking_assumptions/outputs/full_meshpair_surrogate_gt_raw_vs_rigid/rigid_only_clean_translation/clean/up60k__to__down8k,/deck/datasets/WBES-FaceEmbedding/checking_assumptions/outputs/full_meshpair_surrogate_gt_raw_vs_rigid/rigid_only_clean_translation/clean/up60k__to__down8k/ranking_summary.json,/deck/datasets/WBES-FaceEmbedding/checking_assumptions/outputs/full_meshpair_surrogate_gt_raw_vs_rigid/rigid_only_clean_translation/clean/up60k__to__down8k/ranking_summary.csv,/deck/datasets/WBES-FaceEmbedding/checking_assumptions/outputs/full_meshpair_surrogate_gt_raw_vs_rigid/rigid_only_clean_translation/clean/up60k__to__down8k/ranking_summary.md
clean,up60k,noisy,up60k__to__noisy,1,1,0.795927,0.700809,0.095117,0.821240,0.640361,0.180878,1,100,4950,4950,4950,0.000907,0.000906,0.000000,0.000000,0.000040,0.000039,0.000907,0.000906,0.052264,0.052373,0.053210,0.053306,/deck/datasets/WBES-FaceEmbedding/checking_assumptions/outputs/full_meshpair_surrogate_gt_raw_vs_rigid/rigid_only_clean_translation/clean/up60k__to__noisy,/deck/datasets/WBES-FaceEmbedding/checking_assumptions/outputs/full_meshpair_surrogate_gt_raw_vs_rigid/rigid_only_clean_translation/clean/up60k__to__noisy/ranking_summary.json,/deck/datasets/WBES-FaceEmbedding/checking_assumptions/outputs/full_meshpair_surrogate_gt_raw_vs_rigid/rigid_only_clean_translation/clean/up60k__to__noisy/ranking_summary.csv,/deck/datasets/WBES-FaceEmbedding/checking_assumptions/outputs/full_meshpair_surrogate_gt_raw_vs_rigid/rigid_only_clean_translation/clean/up60k__to__noisy/ranking_summary.md
clean,up60k,original,up60k__to__original,1,1,0.786778,0.668207,0.118571,0.814590,0.436077,0.378513,1,100,4950,4950,4950,0.000891,0.000887,0.000000,0.000000,0.000040,0.000039,0.000891,0.000887,0.052264,0.052373,0.053195,0.053287,/deck/datasets/WBES-FaceEmbedding/checking_assumptions/outputs/full_meshpair_surrogate_gt_raw_vs_rigid/rigid_only_clean_translation/clean/up60k__to__original,/deck/datasets/WBES-FaceEmbedding/checking_assumptions/outputs/full_meshpair_surrogate_gt_raw_vs_rigid/rigid_only_clean_translation/clean/up60k__to__original/ranking_summary.json,/deck/datasets/WBES-FaceEmbedding/checking_assumptions/outputs/full_meshpair_surrogate_gt_raw_vs_rigid/rigid_only_clean_translation/clean/up60k__to__original/ranking_summary.csv,/deck/datasets/WBES-FaceEmbedding/checking_assumptions/outputs/full_meshpair_surrogate_gt_raw_vs_rigid/rigid_only_clean_translation/clean/up60k__to__original/ranking_summary.md
clean,up60k,remesh,up60k__to__remesh,1,1,0.808656,0.516972,0.291683,0.826326,0.584827,0.241499,1,100,4950,4950,4950,0.000844,0.000838,0.000000,0.000000,0.000041,0.000039,0.000844,0.000838,0.036053,0.036587,0.036938,0.037462,/deck/datasets/WBES-FaceEmbedding/checking_assumptions/outputs/full_meshpair_surrogate_gt_raw_vs_rigid/rigid_only_clean_translation/clean/up60k__to__remesh,/deck/datasets/WBES-FaceEmbedding/checking_assumptions/outputs/full_meshpair_surrogate_gt_raw_vs_rigid/rigid_only_clean_translation/clean/up60k__to__remesh/ranking_summary.json,/deck/datasets/WBES-FaceEmbedding/checking_assumptions/outputs/full_meshpair_surrogate_gt_raw_vs_rigid/rigid_only_clean_translation/clean/up60k__to__remesh/ranking_summary.csv,/deck/datasets/WBES-FaceEmbedding/checking_assumptions/outputs/full_meshpair_surrogate_gt_raw_vs_rigid/rigid_only_clean_translation/clean/up60k__to__remesh/ranking_summary.md
translation,crop,down8k,crop__to__down8k,1,1,0.668540,-0.084486,0.753026,0.695564,0.001159,0.694405,1,100,4950,4950,4950,0.000630,0.000607,0.000000,0.000000,0.000049,0.000043,0.000630,0.000607,0.000556,0.000445,0.001236,0.001198,/deck/datasets/WBES-FaceEmbedding/checking_assumptions/outputs/full_meshpair_surrogate_gt_raw_vs_rigid/rigid_only_clean_translation/translation/crop__to__down8k,/deck/datasets/WBES-FaceEmbedding/checking_assumptions/outputs/full_meshpair_surrogate_gt_raw_vs_rigid/rigid_only_clean_translation/translation/crop__to__down8k/ranking_summary.json,/deck/datasets/WBES-FaceEmbedding/checking_assumptions/outputs/full_meshpair_surrogate_gt_raw_vs_rigid/rigid_only_clean_translation/translation/crop__to__down8k/ranking_summary.csv,/deck/datasets/WBES-FaceEmbedding/checking_assumptions/outputs/full_meshpair_surrogate_gt_raw_vs_rigid/rigid_only_clean_translation/translation/crop__to__down8k/ranking_summary.md
translation,crop,noisy,crop__to__noisy,1,1,0.724966,-0.058958,0.783924,0.755255,0.040284,0.714971,1,100,4950,4950,4950,0.000816,0.000805,0.000000,0.000000,0.000039,0.000037,0.000816,0.000805,0.007004,0.007088,0.007859,0.007932,/deck/datasets/WBES-FaceEmbedding/checking_assumptions/outputs/full_meshpair_surrogate_gt_raw_vs_rigid/rigid_only_clean_translation/translation/crop__to__noisy,/deck/datasets/WBES-FaceEmbedding/checking_assumptions/outputs/full_meshpair_surrogate_gt_raw_vs_rigid/rigid_only_clean_translation/translation/crop__to__noisy/ranking_summary.json,/deck/datasets/WBES-FaceEmbedding/checking_assumptions/outputs/full_meshpair_surrogate_gt_raw_vs_rigid/rigid_only_clean_translation/translation/crop__to__noisy/ranking_summary.csv,/deck/datasets/WBES-FaceEmbedding/checking_assumptions/outputs/full_meshpair_surrogate_gt_raw_vs_rigid/rigid_only_clean_translation/translation/crop__to__noisy/ranking_summary.md
translation,crop,original,crop__to__original,1,1,0.755243,-0.047074,0.802317,0.783986,0.061775,0.722211,1,100,4950,4950,4950,0.000805,0.000796,0.000000,0.000000,0.000039,0.000037,0.000805,0.000796,0.007004,0.007088,0.007848,0.007922,/deck/datasets/WBES-FaceEmbedding/checking_assumptions/outputs/full_meshpair_surrogate_gt_raw_vs_rigid/rigid_only_clean_translation/translation/crop__to__original,/deck/datasets/WBES-FaceEmbedding/checking_assumptions/outputs/full_meshpair_surrogate_gt_raw_vs_rigid/rigid_only_clean_translation/translation/crop__to__original/ranking_summary.json,/deck/datasets/WBES-FaceEmbedding/checking_assumptions/outputs/full_meshpair_surrogate_gt_raw_vs_rigid/rigid_only_clean_translation/translation/crop__to__original/ranking_summary.csv,/deck/datasets/WBES-FaceEmbedding/checking_assumptions/outputs/full_meshpair_surrogate_gt_raw_vs_rigid/rigid_only_clean_translation/translation/crop__to__original/ranking_summary.md
translation,crop,remesh,crop__to__remesh,1,1,0.656426,0.003943,0.652483,0.679056,0.027438,0.651618,1,100,4950,4950,4950,0.000785,0.000785,0.000000,0.000000,0.000042,0.000038,0.000785,0.000785,0.003723,0.004238,0.004550,0.005044,/deck/datasets/WBES-FaceEmbedding/checking_assumptions/outputs/full_meshpair_surrogate_gt_raw_vs_rigid/rigid_only_clean_translation/translation/crop__to__remesh,/deck/datasets/WBES-FaceEmbedding/checking_assumptions/outputs/full_meshpair_surrogate_gt_raw_vs_rigid/rigid_only_clean_translation/translation/crop__to__remesh/ranking_summary.json,/deck/datasets/WBES-FaceEmbedding/checking_assumptions/outputs/full_meshpair_surrogate_gt_raw_vs_rigid/rigid_only_clean_translation/translation/crop__to__remesh/ranking_summary.csv,/deck/datasets/WBES-FaceEmbedding/checking_assumptions/outputs/full_meshpair_surrogate_gt_raw_vs_rigid/rigid_only_clean_translation/translation/crop__to__remesh/ranking_summary.md
translation,crop,up60k,crop__to__up60k,1,1,0.689389,-0.068484,0.757872,0.715894,-0.021638,0.737531,1,100,4950,4950,4950,0.000511,0.000501,0.000000,0.000000,0.000058,0.000052,0.000511,0.000501,0.026859,0.031664,0.027429,0.032366,/deck/datasets/WBES-FaceEmbedding/checking_assumptions/outputs/full_meshpair_surrogate_gt_raw_vs_rigid/rigid_only_clean_translation/translation/crop__to__up60k,/deck/datasets/WBES-FaceEmbedding/checking_assumptions/outputs/full_meshpair_surrogate_gt_raw_vs_rigid/rigid_only_clean_translation/translation/crop__to__up60k/ranking_summary.json,/deck/datasets/WBES-FaceEmbedding/checking_assumptions/outputs/full_meshpair_surrogate_gt_raw_vs_rigid/rigid_only_clean_translation/translation/crop__to__up60k/ranking_summary.csv,/deck/datasets/WBES-FaceEmbedding/checking_assumptions/outputs/full_meshpair_surrogate_gt_raw_vs_rigid/rigid_only_clean_translation/translation/crop__to__up60k/ranking_summary.md
translation,down8k,crop,down8k__to__crop,1,1,0.638182,-0.022789,0.660971,0.689078,0.056776,0.632301,1,100,4950,4950,4950,0.000590,0.000576,0.000000,0.000000,0.000051,0.000045,0.000590,0.000576,0.000581,0.000450,0.001223,0.001169,/deck/datasets/WBES-FaceEmbedding/checking_assumptions/outputs/full_meshpair_surrogate_gt_raw_vs_rigid/rigid_only_clean_translation/translation/down8k__to__crop,/deck/datasets/WBES-FaceEmbedding/checking_assumptions/outputs/full_meshpair_surrogate_gt_raw_vs_rigid/rigid_only_clean_translation/translation/down8k__to__crop/ranking_summary.json,/deck/datasets/WBES-FaceEmbedding/checking_assumptions/outputs/full_meshpair_surrogate_gt_raw_vs_rigid/rigid_only_clean_translation/translation/down8k__to__crop/ranking_summary.csv,/deck/datasets/WBES-FaceEmbedding/checking_assumptions/outputs/full_meshpair_surrogate_gt_raw_vs_rigid/rigid_only_clean_translation/translation/down8k__to__crop/ranking_summary.md
translation,down8k,noisy,down8k__to__noisy,1,1,0.778128,0.549385,0.228742,0.805543,0.273222,0.532321,1,100,4950,4950,4950,0.000917,0.000920,0.000000,0.000000,0.000040,0.000039,0.000917,0.000920,0.000445,0.000440,0.001401,0.001405,/deck/datasets/WBES-FaceEmbedding/checking_assumptions/outputs/full_meshpair_surrogate_gt_raw_vs_rigid/rigid_only_clean_translation/translation/down8k__to__noisy,/deck/datasets/WBES-FaceEmbedding/checking_assumptions/outputs/full_meshpair_surrogate_gt_raw_vs_rigid/rigid_only_clean_translation/translation/down8k__to__noisy/ranking_summary.json,/deck/datasets/WBES-FaceEmbedding/checking_assumptions/outputs/full_meshpair_surrogate_gt_raw_vs_rigid/rigid_only_clean_translation/translation/down8k__to__noisy/ranking_summary.csv,/deck/datasets/WBES-FaceEmbedding/checking_assumptions/outputs/full_meshpair_surrogate_gt_raw_vs_rigid/rigid_only_clean_translation/translation/down8k__to__noisy/ranking_summary.md
translation,down8k,original,down8k__to__original,1,1,0.767732,0.483550,0.284181,0.798057,0.219847,0.578210,1,100,4950,4950,4950,0.000914,0.000913,0.000000,0.000000,0.000040,0.000039,0.000914,0.000913,0.000445,0.000440,0.001398,0.001399,/deck/datasets/WBES-FaceEmbedding/checking_assumptions/outputs/full_meshpair_surrogate_gt_raw_vs_rigid/rigid_only_clean_translation/translation/down8k__to__original,/deck/datasets/WBES-FaceEmbedding/checking_assumptions/outputs/full_meshpair_surrogate_gt_raw_vs_rigid/rigid_only_clean_translation/translation/down8k__to__original/ranking_summary.json,/deck/datasets/WBES-FaceEmbedding/checking_assumptions/outputs/full_meshpair_surrogate_gt_raw_vs_rigid/rigid_only_clean_translation/translation/down8k__to__original/ranking_summary.csv,/deck/datasets/WBES-FaceEmbedding/checking_assumptions/outputs/full_meshpair_surrogate_gt_raw_vs_rigid/rigid_only_clean_translation/translation/down8k__to__original/ranking_summary.md
translation,down8k,remesh,down8k__to__remesh,1,1,0.787935,0.340260,0.447675,0.809279,0.455008,0.354271,1,100,4950,4950,4950,0.000813,0.000800,0.000000,0.000000,0.000041,0.000039,0.000813,0.000800,0.000360,0.000352,0.001214,0.001199,/deck/datasets/WBES-FaceEmbedding/checking_assumptions/outputs/full_meshpair_surrogate_gt_raw_vs_rigid/rigid_only_clean_translation/translation/down8k__to__remesh,/deck/datasets/WBES-FaceEmbedding/checking_assumptions/outputs/full_meshpair_surrogate_gt_raw_vs_rigid/rigid_only_clean_translation/translation/down8k__to__remesh/ranking_summary.json,/deck/datasets/WBES-FaceEmbedding/checking_assumptions/outputs/full_meshpair_surrogate_gt_raw_vs_rigid/rigid_only_clean_translation/translation/down8k__to__remesh/ranking_summary.csv,/deck/datasets/WBES-FaceEmbedding/checking_assumptions/outputs/full_meshpair_surrogate_gt_raw_vs_rigid/rigid_only_clean_translation/translation/down8k__to__remesh/ranking_summary.md
translation,down8k,up60k,down8k__to__up60k,1,1,0.803784,0.600869,0.202914,0.823802,0.633124,0.190678,1,100,4950,4950,4950,0.000758,0.000754,0.000000,0.000000,0.000044,0.000040,0.000758,0.000754,0.011650,0.012419,0.012452,0.013234,/deck/datasets/WBES-FaceEmbedding/checking_assumptions/outputs/full_meshpair_surrogate_gt_raw_vs_rigid/rigid_only_clean_translation/translation/down8k__to__up60k,/deck/datasets/WBES-FaceEmbedding/checking_assumptions/outputs/full_meshpair_surrogate_gt_raw_vs_rigid/rigid_only_clean_translation/translation/down8k__to__up60k/ranking_summary.json,/deck/datasets/WBES-FaceEmbedding/checking_assumptions/outputs/full_meshpair_surrogate_gt_raw_vs_rigid/rigid_only_clean_translation/translation/down8k__to__up60k/ranking_summary.csv,/deck/datasets/WBES-FaceEmbedding/checking_assumptions/outputs/full_meshpair_surrogate_gt_raw_vs_rigid/rigid_only_clean_translation/translation/down8k__to__up60k/ranking_summary.md
translation,noisy,crop,noisy__to__crop,1,1,0.705833,-0.002252,0.708085,0.743690,0.097397,0.646293,1,100,4950,4950,4950,0.000822,0.000815,0.000000,0.000000,0.000039,0.000037,0.000822,0.000815,0.007549,0.007625,0.008409,0.008476,/deck/datasets/WBES-FaceEmbedding/checking_assumptions/outputs/full_meshpair_surrogate_gt_raw_vs_rigid/rigid_only_clean_translation/translation/noisy__to__crop,/deck/datasets/WBES-FaceEmbedding/checking_assumptions/outputs/full_meshpair_surrogate_gt_raw_vs_rigid/rigid_only_clean_translation/translation/noisy__to__crop/ranking_summary.json,/deck/datasets/WBES-FaceEmbedding/checking_assumptions/outputs/full_meshpair_surrogate_gt_raw_vs_rigid/rigid_only_clean_translation/translation/noisy__to__crop/ranking_summary.csv,/deck/datasets/WBES-FaceEmbedding/checking_assumptions/outputs/full_meshpair_surrogate_gt_raw_vs_rigid/rigid_only_clean_translation/translation/noisy__to__crop/ranking_summary.md
translation,noisy,down8k,noisy__to__down8k,1,1,0.792981,0.507446,0.285534,0.810770,0.165588,0.645182,1,100,4950,4950,4950,0.000908,0.000908,0.000000,0.000000,0.000038,0.000037,0.000908,0.000908,0.000445,0.000439,0.001391,0.001388,/deck/datasets/WBES-FaceEmbedding/checking_assumptions/outputs/full_meshpair_surrogate_gt_raw_vs_rigid/rigid_only_clean_translation/translation/noisy__to__down8k,/deck/datasets/WBES-FaceEmbedding/checking_assumptions/outputs/full_meshpair_surrogate_gt_raw_vs_rigid/rigid_only_clean_translation/translation/noisy__to__down8k/ranking_summary.json,/deck/datasets/WBES-FaceEmbedding/checking_assumptions/outputs/full_meshpair_surrogate_gt_raw_vs_rigid/rigid_only_clean_translation/translation/noisy__to__down8k/ranking_summary.csv,/deck/datasets/WBES-FaceEmbedding/checking_assumptions/outputs/full_meshpair_surrogate_gt_raw_vs_rigid/rigid_only_clean_translation/translation/noisy__to__down8k/ranking_summary.md
translation,noisy,original,noisy__to__original,1,1,0.830681,0.716072,0.114609,0.849535,0.687557,0.161978,1,100,4950,4950,4950,0.000946,0.000955,0.000000,0.000000,0.000039,0.000037,0.000946,0.000955,0.009129,0.009131,0.010114,0.010124,/deck/datasets/WBES-FaceEmbedding/checking_assumptions/outputs/full_meshpair_surrogate_gt_raw_vs_rigid/rigid_only_clean_translation/translation/noisy__to__original,/deck/datasets/WBES-FaceEmbedding/checking_assumptions/outputs/full_meshpair_surrogate_gt_raw_vs_rigid/rigid_only_clean_translation/translation/noisy__to__original/ranking_summary.json,/deck/datasets/WBES-FaceEmbedding/checking_assumptions/outputs/full_meshpair_surrogate_gt_raw_vs_rigid/rigid_only_clean_translation/translation/noisy__to__original/ranking_summary.csv,/deck/datasets/WBES-FaceEmbedding/checking_assumptions/outputs/full_meshpair_surrogate_gt_raw_vs_rigid/rigid_only_clean_translation/translation/noisy__to__original/ranking_summary.md
translation,noisy,remesh,noisy__to__remesh,1,1,0.776563,0.543990,0.232573,0.793463,0.432041,0.361423,1,100,4950,4950,4950,0.000876,0.000874,0.000000,0.000000,0.000038,0.000037,0.000876,0.000874,0.005207,0.005212,0.006121,0.006125,/deck/datasets/WBES-FaceEmbedding/checking_assumptions/outputs/full_meshpair_surrogate_gt_raw_vs_rigid/rigid_only_clean_translation/translation/noisy__to__remesh,/deck/datasets/WBES-FaceEmbedding/checking_assumptions/outputs/full_meshpair_surrogate_gt_raw_vs_rigid/rigid_only_clean_translation/translation/noisy__to__remesh/ranking_summary.json,/deck/datasets/WBES-FaceEmbedding/checking_assumptions/outputs/full_meshpair_surrogate_gt_raw_vs_rigid/rigid_only_clean_translation/translation/noisy__to__remesh/ranking_summary.csv,/deck/datasets/WBES-FaceEmbedding/checking_assumptions/outputs/full_meshpair_surrogate_gt_raw_vs_rigid/rigid_only_clean_translation/translation/noisy__to__remesh/ranking_summary.md
translation,noisy,up60k,noisy__to__up60k,1,1,0.808749,0.669856,0.138893,0.825170,0.420045,0.405125,1,100,4950,4950,4950,0.000891,0.000888,0.000000,0.000000,0.000039,0.000037,0.000891,0.000888,0.048426,0.048539,0.049355,0.049458,/deck/datasets/WBES-FaceEmbedding/checking_assumptions/outputs/full_meshpair_surrogate_gt_raw_vs_rigid/rigid_only_clean_translation/translation/noisy__to__up60k,/deck/datasets/WBES-FaceEmbedding/checking_assumptions/outputs/full_meshpair_surrogate_gt_raw_vs_rigid/rigid_only_clean_translation/translation/noisy__to__up60k/ranking_summary.json,/deck/datasets/WBES-FaceEmbedding/checking_assumptions/outputs/full_meshpair_surrogate_gt_raw_vs_rigid/rigid_only_clean_translation/translation/noisy__to__up60k/ranking_summary.csv,/deck/datasets/WBES-FaceEmbedding/checking_assumptions/outputs/full_meshpair_surrogate_gt_raw_vs_rigid/rigid_only_clean_translation/translation/noisy__to__up60k/ranking_summary.md
translation,original,crop,original__to__crop,1,1,0.737726,0.007601,0.730126,0.772472,0.074891,0.697581,1,100,4950,4950,4950,0.000810,0.000804,0.000000,0.000000,0.000039,0.000037,0.000810,0.000804,0.007549,0.007625,0.008397,0.008468,/deck/datasets/WBES-FaceEmbedding/checking_assumptions/outputs/full_meshpair_surrogate_gt_raw_vs_rigid/rigid_only_clean_translation/translation/original__to__crop,/deck/datasets/WBES-FaceEmbedding/checking_assumptions/outputs/full_meshpair_surrogate_gt_raw_vs_rigid/rigid_only_clean_translation/translation/original__to__crop/ranking_summary.json,/deck/datasets/WBES-FaceEmbedding/checking_assumptions/outputs/full_meshpair_surrogate_gt_raw_vs_rigid/rigid_only_clean_translation/translation/original__to__crop/ranking_summary.csv,/deck/datasets/WBES-FaceEmbedding/checking_assumptions/outputs/full_meshpair_surrogate_gt_raw_vs_rigid/rigid_only_clean_translation/translation/original__to__crop/ranking_summary.md
translation,original,down8k,original__to__down8k,1,1,0.792130,0.450937,0.341194,0.810799,0.292672,0.518127,1,100,4950,4950,4950,0.000910,0.000911,0.000000,0.000000,0.000038,0.000037,0.000910,0.000911,0.000444,0.000439,0.001392,0.001395,/deck/datasets/WBES-FaceEmbedding/checking_assumptions/outputs/full_meshpair_surrogate_gt_raw_vs_rigid/rigid_only_clean_translation/translation/original__to__down8k,/deck/datasets/WBES-FaceEmbedding/checking_assumptions/outputs/full_meshpair_surrogate_gt_raw_vs_rigid/rigid_only_clean_translation/translation/original__to__down8k/ranking_summary.json,/deck/datasets/WBES-FaceEmbedding/checking_assumptions/outputs/full_meshpair_surrogate_gt_raw_vs_rigid/rigid_only_clean_translation/translation/original__to__down8k/ranking_summary.csv,/deck/datasets/WBES-FaceEmbedding/checking_assumptions/outputs/full_meshpair_surrogate_gt_raw_vs_rigid/rigid_only_clean_translation/translation/original__to__down8k/ranking_summary.md
translation,original,noisy,original__to__noisy,1,1,0.835962,0.714120,0.121842,0.854365,0.529368,0.324997,1,100,4950,4950,4950,0.000931,0.000937,0.000000,0.000000,0.000038,0.000037,0.000931,0.000937,0.009126,0.009131,0.010096,0.010108,/deck/datasets/WBES-FaceEmbedding/checking_assumptions/outputs/full_meshpair_surrogate_gt_raw_vs_rigid/rigid_only_clean_translation/translation/original__to__noisy,/deck/datasets/WBES-FaceEmbedding/checking_assumptions/outputs/full_meshpair_surrogate_gt_raw_vs_rigid/rigid_only_clean_translation/translation/original__to__noisy/ranking_summary.json,/deck/datasets/WBES-FaceEmbedding/checking_assumptions/outputs/full_meshpair_surrogate_gt_raw_vs_rigid/rigid_only_clean_translation/translation/original__to__noisy/ranking_summary.csv,/deck/datasets/WBES-FaceEmbedding/checking_assumptions/outputs/full_meshpair_surrogate_gt_raw_vs_rigid/rigid_only_clean_translation/translation/original__to__noisy/ranking_summary.md
translation,original,remesh,original__to__remesh,1,1,0.777588,0.584328,0.193260,0.794318,0.592604,0.201714,1,100,4950,4950,4950,0.000877,0.000877,0.000000,0.000000,0.000038,0.000037,0.000877,0.000877,0.005207,0.005212,0.006122,0.006127,/deck/datasets/WBES-FaceEmbedding/checking_assumptions/outputs/full_meshpair_surrogate_gt_raw_vs_rigid/rigid_only_clean_translation/translation/original__to__remesh,/deck/datasets/WBES-FaceEmbedding/checking_assumptions/outputs/full_meshpair_surrogate_gt_raw_vs_rigid/rigid_only_clean_translation/translation/original__to__remesh/ranking_summary.json,/deck/datasets/WBES-FaceEmbedding/checking_assumptions/outputs/full_meshpair_surrogate_gt_raw_vs_rigid/rigid_only_clean_translation/translation/original__to__remesh/ranking_summary.csv,/deck/datasets/WBES-FaceEmbedding/checking_assumptions/outputs/full_meshpair_surrogate_gt_raw_vs_rigid/rigid_only_clean_translation/translation/original__to__remesh/ranking_summary.md
translation,original,up60k,original__to__up60k,1,1,0.810786,0.653210,0.157576,0.828174,0.094117,0.734057,1,100,4950,4950,4950,0.000863,0.000855,0.000000,0.000000,0.000039,0.000037,0.000863,0.000855,0.048419,0.048539,0.049320,0.049422,/deck/datasets/WBES-FaceEmbedding/checking_assumptions/outputs/full_meshpair_surrogate_gt_raw_vs_rigid/rigid_only_clean_translation/translation/original__to__up60k,/deck/datasets/WBES-FaceEmbedding/checking_assumptions/outputs/full_meshpair_surrogate_gt_raw_vs_rigid/rigid_only_clean_translation/translation/original__to__up60k/ranking_summary.json,/deck/datasets/WBES-FaceEmbedding/checking_assumptions/outputs/full_meshpair_surrogate_gt_raw_vs_rigid/rigid_only_clean_translation/translation/original__to__up60k/ranking_summary.csv,/deck/datasets/WBES-FaceEmbedding/checking_assumptions/outputs/full_meshpair_surrogate_gt_raw_vs_rigid/rigid_only_clean_translation/translation/original__to__up60k/ranking_summary.md
translation,remesh,crop,remesh__to__crop,1,1,0.622580,0.062526,0.560054,0.669994,0.072671,0.597324,1,100,4950,4950,4950,0.000760,0.000758,0.000000,0.000000,0.000042,0.000038,0.000760,0.000758,0.002876,0.003344,0.003678,0.004105,/deck/datasets/WBES-FaceEmbedding/checking_assumptions/outputs/full_meshpair_surrogate_gt_raw_vs_rigid/rigid_only_clean_translation/translation/remesh__to__crop,/deck/datasets/WBES-FaceEmbedding/checking_assumptions/outputs/full_meshpair_surrogate_gt_raw_vs_rigid/rigid_only_clean_translation/translation/remesh__to__crop/ranking_summary.json,/deck/datasets/WBES-FaceEmbedding/checking_assumptions/outputs/full_meshpair_surrogate_gt_raw_vs_rigid/rigid_only_clean_translation/translation/remesh__to__crop/ranking_summary.csv,/deck/datasets/WBES-FaceEmbedding/checking_assumptions/outputs/full_meshpair_surrogate_gt_raw_vs_rigid/rigid_only_clean_translation/translation/remesh__to__crop/ranking_summary.md
translation,remesh,down8k,remesh__to__down8k,1,1,0.782607,0.281203,0.501404,0.805655,0.378529,0.427126,1,100,4950,4950,4950,0.000818,0.000804,0.000000,0.000000,0.000039,0.000037,0.000818,0.000804,0.000359,0.000350,0.001215,0.001202,/deck/datasets/WBES-FaceEmbedding/checking_assumptions/outputs/full_meshpair_surrogate_gt_raw_vs_rigid/rigid_only_clean_translation/translation/remesh__to__down8k,/deck/datasets/WBES-FaceEmbedding/checking_assumptions/outputs/full_meshpair_surrogate_gt_raw_vs_rigid/rigid_only_clean_translation/translation/remesh__to__down8k/ranking_summary.json,/deck/datasets/WBES-FaceEmbedding/checking_assumptions/outputs/full_meshpair_surrogate_gt_raw_vs_rigid/rigid_only_clean_translation/translation/remesh__to__down8k/ranking_summary.csv,/deck/datasets/WBES-FaceEmbedding/checking_assumptions/outputs/full_meshpair_surrogate_gt_raw_vs_rigid/rigid_only_clean_translation/translation/remesh__to__down8k/ranking_summary.md
translation,remesh,noisy,remesh__to__noisy,1,1,0.754575,0.540426,0.214148,0.783139,0.576485,0.206654,1,100,4950,4950,4950,0.000877,0.000883,0.000000,0.000000,0.000039,0.000037,0.000877,0.000883,0.003702,0.003706,0.004618,0.004628,/deck/datasets/WBES-FaceEmbedding/checking_assumptions/outputs/full_meshpair_surrogate_gt_raw_vs_rigid/rigid_only_clean_translation/translation/remesh__to__noisy,/deck/datasets/WBES-FaceEmbedding/checking_assumptions/outputs/full_meshpair_surrogate_gt_raw_vs_rigid/rigid_only_clean_translation/translation/remesh__to__noisy/ranking_summary.json,/deck/datasets/WBES-FaceEmbedding/checking_assumptions/outputs/full_meshpair_surrogate_gt_raw_vs_rigid/rigid_only_clean_translation/translation/remesh__to__noisy/ranking_summary.csv,/deck/datasets/WBES-FaceEmbedding/checking_assumptions/outputs/full_meshpair_surrogate_gt_raw_vs_rigid/rigid_only_clean_translation/translation/remesh__to__noisy/ranking_summary.md
translation,remesh,original,remesh__to__original,1,1,0.744944,0.587425,0.157519,0.775655,0.565457,0.210198,1,100,4950,4950,4950,0.000870,0.000869,0.000000,0.000000,0.000039,0.000037,0.000870,0.000869,0.003702,0.003706,0.004610,0.004613,/deck/datasets/WBES-FaceEmbedding/checking_assumptions/outputs/full_meshpair_surrogate_gt_raw_vs_rigid/rigid_only_clean_translation/translation/remesh__to__original,/deck/datasets/WBES-FaceEmbedding/checking_assumptions/outputs/full_meshpair_surrogate_gt_raw_vs_rigid/rigid_only_clean_translation/translation/remesh__to__original/ranking_summary.json,/deck/datasets/WBES-FaceEmbedding/checking_assumptions/outputs/full_meshpair_surrogate_gt_raw_vs_rigid/rigid_only_clean_translation/translation/remesh__to__original/ranking_summary.csv,/deck/datasets/WBES-FaceEmbedding/checking_assumptions/outputs/full_meshpair_surrogate_gt_raw_vs_rigid/rigid_only_clean_translation/translation/remesh__to__original/ranking_summary.md
translation,remesh,up60k,remesh__to__up60k,1,1,0.791300,0.496187,0.295113,0.811743,0.284405,0.527339,1,100,4950,4950,4950,0.000840,0.000840,0.000000,0.000000,0.000040,0.000038,0.000840,0.000840,0.032775,0.033452,0.033655,0.034334,/deck/datasets/WBES-FaceEmbedding/checking_assumptions/outputs/full_meshpair_surrogate_gt_raw_vs_rigid/rigid_only_clean_translation/translation/remesh__to__up60k,/deck/datasets/WBES-FaceEmbedding/checking_assumptions/outputs/full_meshpair_surrogate_gt_raw_vs_rigid/rigid_only_clean_translation/translation/remesh__to__up60k/ranking_summary.json,/deck/datasets/WBES-FaceEmbedding/checking_assumptions/outputs/full_meshpair_surrogate_gt_raw_vs_rigid/rigid_only_clean_translation/translation/remesh__to__up60k/ranking_summary.csv,/deck/datasets/WBES-FaceEmbedding/checking_assumptions/outputs/full_meshpair_surrogate_gt_raw_vs_rigid/rigid_only_clean_translation/translation/remesh__to__up60k/ranking_summary.md
translation,up60k,crop,up60k__to__crop,1,1,0.655223,-0.008132,0.663355,0.703129,0.064734,0.638395,1,100,4950,4950,4950,0.000495,0.000488,0.000000,0.000000,0.000060,0.000054,0.000495,0.000488,0.034452,0.039011,0.035007,0.039655,/deck/datasets/WBES-FaceEmbedding/checking_assumptions/outputs/full_meshpair_surrogate_gt_raw_vs_rigid/rigid_only_clean_translation/translation/up60k__to__crop,/deck/datasets/WBES-FaceEmbedding/checking_assumptions/outputs/full_meshpair_surrogate_gt_raw_vs_rigid/rigid_only_clean_translation/translation/up60k__to__crop/ranking_summary.json,/deck/datasets/WBES-FaceEmbedding/checking_assumptions/outputs/full_meshpair_surrogate_gt_raw_vs_rigid/rigid_only_clean_translation/translation/up60k__to__crop/ranking_summary.csv,/deck/datasets/WBES-FaceEmbedding/checking_assumptions/outputs/full_meshpair_surrogate_gt_raw_vs_rigid/rigid_only_clean_translation/translation/up60k__to__crop/ranking_summary.md
translation,up60k,down8k,up60k__to__down8k,1,1,0.806821,0.605519,0.201303,0.827720,0.624222,0.203498,1,100,4950,4950,4950,0.000816,0.000810,0.000000,0.000000,0.000043,0.000039,0.000816,0.000810,0.012921,0.013621,0.013781,0.014456,/deck/datasets/WBES-FaceEmbedding/checking_assumptions/outputs/full_meshpair_surrogate_gt_raw_vs_rigid/rigid_only_clean_translation/translation/up60k__to__down8k,/deck/datasets/WBES-FaceEmbedding/checking_assumptions/outputs/full_meshpair_surrogate_gt_raw_vs_rigid/rigid_only_clean_translation/translation/up60k__to__down8k/ranking_summary.json,/deck/datasets/WBES-FaceEmbedding/checking_assumptions/outputs/full_meshpair_surrogate_gt_raw_vs_rigid/rigid_only_clean_translation/translation/up60k__to__down8k/ranking_summary.csv,/deck/datasets/WBES-FaceEmbedding/checking_assumptions/outputs/full_meshpair_surrogate_gt_raw_vs_rigid/rigid_only_clean_translation/translation/up60k__to__down8k/ranking_summary.md
translation,up60k,noisy,up60k__to__noisy,1,1,0.791641,0.695502,0.096139,0.817986,0.668031,0.149955,1,100,4950,4950,4950,0.000885,0.000885,0.000000,0.000000,0.000040,0.000039,0.000885,0.000885,0.052284,0.052393,0.053209,0.053309,/deck/datasets/WBES-FaceEmbedding/checking_assumptions/outputs/full_meshpair_surrogate_gt_raw_vs_rigid/rigid_only_clean_translation/translation/up60k__to__noisy,/deck/datasets/WBES-FaceEmbedding/checking_assumptions/outputs/full_meshpair_surrogate_gt_raw_vs_rigid/rigid_only_clean_translation/translation/up60k__to__noisy/ranking_summary.json,/deck/datasets/WBES-FaceEmbedding/checking_assumptions/outputs/full_meshpair_surrogate_gt_raw_vs_rigid/rigid_only_clean_translation/translation/up60k__to__noisy/ranking_summary.csv,/deck/datasets/WBES-FaceEmbedding/checking_assumptions/outputs/full_meshpair_surrogate_gt_raw_vs_rigid/rigid_only_clean_translation/translation/up60k__to__noisy/ranking_summary.md
translation,up60k,original,up60k__to__original,1,1,0.783721,0.663870,0.119851,0.812217,0.360422,0.451795,1,100,4950,4950,4950,0.000869,0.000867,0.000000,0.000000,0.000040,0.000039,0.000869,0.000867,0.052284,0.052393,0.053193,0.053289,/deck/datasets/WBES-FaceEmbedding/checking_assumptions/outputs/full_meshpair_surrogate_gt_raw_vs_rigid/rigid_only_clean_translation/translation/up60k__to__original,/deck/datasets/WBES-FaceEmbedding/checking_assumptions/outputs/full_meshpair_surrogate_gt_raw_vs_rigid/rigid_only_clean_translation/translation/up60k__to__original/ranking_summary.json,/deck/datasets/WBES-FaceEmbedding/checking_assumptions/outputs/full_meshpair_surrogate_gt_raw_vs_rigid/rigid_only_clean_translation/translation/up60k__to__original/ranking_summary.csv,/deck/datasets/WBES-FaceEmbedding/checking_assumptions/outputs/full_meshpair_surrogate_gt_raw_vs_rigid/rigid_only_clean_translation/translation/up60k__to__original/ranking_summary.md
translation,up60k,remesh,up60k__to__remesh,1,1,0.803542,0.515046,0.288496,0.822460,0.583271,0.239188,1,100,4950,4950,4950,0.000841,0.000834,0.000000,0.000000,0.000041,0.000039,0.000841,0.000834,0.036059,0.036593,0.036940,0.037468,/deck/datasets/WBES-FaceEmbedding/checking_assumptions/outputs/full_meshpair_surrogate_gt_raw_vs_rigid/rigid_only_clean_translation/translation/up60k__to__remesh,/deck/datasets/WBES-FaceEmbedding/checking_assumptions/outputs/full_meshpair_surrogate_gt_raw_vs_rigid/rigid_only_clean_translation/translation/up60k__to__remesh/ranking_summary.json,/deck/datasets/WBES-FaceEmbedding/checking_assumptions/outputs/full_meshpair_surrogate_gt_raw_vs_rigid/rigid_only_clean_translation/translation/up60k__to__remesh/ranking_summary.csv,/deck/datasets/WBES-FaceEmbedding/checking_assumptions/outputs/full_meshpair_surrogate_gt_raw_vs_rigid/rigid_only_clean_translation/translation/up60k__to__remesh/ranking_summary.md
